"","dcirnum","q1a","q1b","q1c","q1d","q1e","q1f","q1g","q2a","q2b","q2c","q2d","q3zp","q4popserv","q5state","q6ftemp","q7fcap","q8mfi5yrs","q9wdp","q10wmfp","q11nims","q12cpg","q13srwp","q14a","q14b","q14c","q14d","q14e","q14f","q14g","q14h","q14i","q14j","q14k","q14l","q15a","q15b","q15c","q15d","q15e","q15f","q15g","q16a","q16b","q16c","q16d","q17a","q17b","q17c","q17d","q17e","q17f","q17g","q17h","q17i","q17j","q17k","q17l","q17m","q17n","q18a","q18b","q19a","q19b","q20drills","q21sroster","q22wmfi","q23wcbrne","q24amfi","q25acbrne","q26preeventp","q27wprep","q28jprep","q29a","q29b","q29c","q29d","q29e","q29f","q29g","q29h","q29i","q29j","q29k","q30fema","q31ua","q32js"
"1",1,1,0,0,0,0,0,0,0,1,0,0,"36024",1,1,1,1,0,0,0,0,0,0,0,0,0,0,1,1,1,1,0,1,0,0,1,1,0,1,1,0,0,1,1,1,0,1,1,0,1,1,0,1,1,1,1,1,1,1,0,0,0,1,0,0,1,11,11,11,11,99,2,99,0,1,1,0,0,0,1,0,0,0,0,4,0,0
"2",2,1,0,0,0,0,0,0,0,0,0,99,"55902",4,26,5,2,0,0,0,99,99,99,1,1,0,1,0,0,1,0,0,1,0,0,1,1,1,1,0,0,0,1,1,1,0,0,0,0,0,0,0,0,0,0,0,0,1,1,0,0,0,1,0,0,0,11,11,11,11,11,4,4,0,1,1,1,1,1,1,0,0,0,0,5,1,1
"3",3,1,0,1,0,0,0,0,1,1,0,0,"86303",4,4,4,1,1,1,0,88,88,1,1,1,1,0,1,1,1,1,1,1,1,0,1,0,0,1,0,0,0,0,0,0,0,0,0,1,0,1,0,1,0,0,1,0,0,0,99,1,1,1,1,0,1,10,8,11,8,9,4,4,0,0,0,1,0,0,0,1,0,0,0,9,1,1
"4",4,1,0,0,0,0,0,0,0,1,0,0,"44212",2,39,4,1,0,0,0,88,88,88,1,0,0,1,1,1,1,1,0,0,1,0,0,0,0,0,0,1,0,1,0,0,0,0,0,0,0,0,0,0,0,0,0,0,0,1,0,2,2,1,0,0,0,5,3,7,7,1,2,3,1,1,1,1,1,1,1,0,0,0,0,5,0,1
"5",5,1,0,0,0,0,0,0,0,1,0,0,"84655",1,49,1,1,0,0,0,88,88,88,0,0,0,1,1,0,1,0,0,1,0,0,0,0,0,0,0,0,0,1,1,1,0,1,0,1,0,0,0,0,0,0,1,0,0,1,0,2,2,1,0,0,0,11,1,11,1,10,2,3,0,1,1,1,1,1,0,0,0,0,0,8,0,0
"6",6,1,0,0,0,0,0,0,0,1,0,0,"75751",3,48,1,1,0,1,0,0,0,0,0,0,0,1,1,1,1,0,0,1,1,0,0,0,0,1,0,0,0,1,1,1,0,1,1,1,0,1,1,1,1,1,1,1,1,1,0,0,2,0,0,0,0,6,6,6,6,6,5,5,1,1,1,1,1,1,1,0,0,0,0,6,1,1
"7",7,1,0,0,0,0,0,0,0,1,0,0,"21157",1,23,2,1,0,1,0,88,88,1,0,0,0,1,1,0,1,0,0,0,0,0,0,0,0,0,0,1,0,1,1,1,0,1,0,1,0,1,0,0,1,0,0,0,0,0,0,0,0,1,0,0,0,6,4,8,4,1,1,99,1,1,0,0,0,1,0,0,0,0,0,3,0,0
"8",8,1,0,0,0,0,0,0,0,1,0,0,"64730",1,28,2,1,0,1,1,99,88,1,1,1,1,1,1,1,1,1,1,1,0,0,0,0,1,0,0,0,0,1,1,1,0,1,1,0,1,1,0,1,1,1,1,1,0,1,0,1,1,1,0,1,1,10,6,10,6,9,4,4,1,0,0,0,0,0,0,0,0,0,0,7,0,0
"9",9,1,0,0,0,0,0,0,0,1,0,0,"10549",3,35,2,99,0,1,0,99,99,99,1,1,1,0,1,1,1,1,0,0,0,0,1,0,0,0,0,0,0,1,0,0,0,1,1,1,0,0,0,1,1,1,1,1,1,1,0,1,1,1,0,0,1,2,2,2,2,2,88,88,1,1,1,1,1,1,1,0,0,0,0,2,1,1
"10",10,1,0,0,0,0,0,0,0,1,0,0,"66044",4,19,2,3,0,1,0,88,99,1,0,0,0,1,1,0,1,1,1,0,1,0,1,0,0,1,0,0,0,0,0,0,0,1,1,1,1,1,0,1,1,1,1,1,1,1,0,1,1,0,0,1,0,11,11,11,11,9,4,4,0,1,0,0,1,0,0,0,0,0,0,7,1,1
"11",11,1,1,0,0,0,0,0,1,0,0,0,"90045",5,6,5,1,0,1,99,99,99,99,1,0,1,1,0,0,0,0,1,1,1,0,1,1,0,0,1,1,0,1,1,1,0,0,0,1,1,0,0,0,1,1,1,1,1,0,99,1,99,1,0,0,0,5,4,8,6,2,3,99,0,0,1,0,0,1,0,1,0,0,0,9,1,1
"12",12,1,1,1,0,0,0,0,1,0,0,0,"44691",2,39,5,1,0,1,0,0,0,99,0,0,0,1,1,0,1,0,0,0,1,0,0,0,0,0,0,1,0,1,1,1,0,0,0,0,0,0,0,0,0,0,0,0,0,1,0,0,2,1,0,0,0,9,6,11,4,1,2,2,0,0,1,0,1,1,1,0,0,0,0,5,0,1
"13",13,1,0,1,0,0,0,0,1,0,0,0,"97233",5,41,2,2,0,88,0,88,88,88,0,0,0,0,1,0,1,1,0,0,1,0,1,1,1,1,1,0,0,1,1,1,0,1,1,1,0,1,0,1,1,1,1,1,1,1,0,0,0,0,0,0,0,11,8,11,8,99,2,3,0,1,1,1,1,1,0,0,0,0,0,10,1,1
"14",14,1,0,0,0,0,0,0,1,0,0,0,"68873",1,30,1,1,0,0,0,88,88,99,0,0,0,1,1,1,1,1,0,1,0,0,1,0,1,1,1,0,0,1,1,1,0,0,1,0,1,1,0,1,0,0,0,1,0,1,0,2,2,1,0,0,1,6,6,11,6,6,4,5,0,0,1,0,0,1,0,0,0,0,0,7,0,0
"15",15,1,1,1,0,0,0,0,1,0,0,0,"95350",4,6,5,2,0,0,0,99,99,99,0,0,0,0,0,0,0,0,0,0,0,999,0,0,0,0,0,0,0,0,1,1,0,1,1,0,1,1,0,1,1,1,1,1,0,1,99,1,0,1,0,0,0,7,3,6,3,1,1,1,1,1,1,1,1,1,1,0,0,0,0,9,1,1
"16",16,1,0,0,0,0,0,0,0,1,0,0,"17061",1,42,1,1,0,0,0,88,88,0,0,0,0,0,1,1,1,0,0,0,0,0,0,0,0,0,0,1,0,0,1,0,0,0,0,0,1,0,0,0,0,0,0,0,0,0,0,2,2,1,1,0,0,11,11,11,11,11,2,5,0,0,1,0,0,0,0,0,0,0,0,3,0,0
"17",17,1,1,1,1,0,0,0,1,0,0,0,"68025",4,30,5,2,0,0,0,88,88,88,0,0,0,0,1,0,1,0,0,1,0,0,0,0,0,0,0,0,0,1,1,1,0,1,0,0,0,0,0,1,0,0,1,0,0,1,0,0,0,1,0,0,0,10,8,10,10,1,3,3,0,0,1,0,0,0,1,0,0,0,0,7,1,1
"18",18,1,0,0,0,0,0,0,1,0,0,0,"65270",1,28,1,1,0,0,0,0,0,0,0,0,0,0,0,0,0,0,0,0,0,0,0,0,0,0,0,1,0,1,1,1,0,1,0,0,0,0,0,0,0,0,0,0,0,0,0,2,2,1,0,0,0,11,11,11,99,99,1,1,0,1,1,0,0,0,0,0,0,0,0,7,0,0
"19",19,1,0,0,0,0,0,0,0,1,0,0,"43410",1,39,1,2,0,1,0,88,88,1,1,0,0,1,1,1,1,1,1,1,1,0,0,0,0,1,0,0,0,1,1,1,0,1,1,0,1,0,0,1,1,0,1,0,0,1,0,1,1,1,0,0,1,10,3,10,2,6,3,2,1,1,1,1,1,1,1,0,0,0,0,5,0,0
"20",20,0,1,0,0,0,0,0,1,0,0,0,"01545",2,24,2,1,0,99,99,1,1,99,0,0,0,1,1,0,1,1,0,0,0,0,0,1,1,1,1,0,0,0,1,0,0,0,1,0,0,0,0,1,1,1,1,1,0,0,0,99,99,1,0,1,1,10,3,8,3,4,3,5,0,1,1,0,0,0,0,0,0,0,0,1,0,1
"21",21,0,0,0,1,0,0,0,1,0,0,0,"20850",5,23,5,5,0,0,99,0,99,1,1,0,0,0,1,1,1,0,0,1,1,999,0,0,1,0,0,0,0,1,1,1,0,0,1,0,0,0,0,1,0,0,1,0,0,0,0,1,99,1,0,99,99,3,2,2,99,2,99,5,0,1,0,0,0,1,0,0,0,0,0,3,1,1
"22",22,0,1,0,0,0,0,0,1,0,0,0,"02130",4,24,4,1,0,1,0,88,88,88,0,0,1,0,1,0,0,0,0,0,0,0,0,0,0,0,0,0,0,0,1,1,0,0,0,0,0,0,0,0,0,0,1,0,0,0,0,0,2,1,0,0,0,8,4,8,7,3,1,3,0,0,1,0,1,1,0,0,0,0,0,1,1,1
"23",23,1,0,0,0,0,0,0,0,1,0,0,"63461",1,28,1,1,0,0,0,88,88,0,0,0,0,0,1,0,1,1,0,1,0,0,0,0,0,0,0,0,0,1,1,1,0,1,1,0,1,1,0,1,1,1,1,1,1,1,0,2,2,1,0,0,1,11,11,11,11,11,3,3,0,0,0,0,0,0,0,0,1,0,0,7,0,0
"24",24,0,1,0,0,0,0,0,1,0,0,0,"47711",4,17,3,1,0,1,99,99,1,1,0,0,0,1,1,1,1,1,0,1,1,0,0,0,1,0,0,0,0,1,1,1,0,1,1,0,1,0,0,0,0,0,0,0,0,0,0,0,0,1,0,0,0,7,2,11,2,1,2,5,1,1,0,0,1,1,0,0,0,0,0,5,1,1
"25",25,1,0,0,0,0,0,0,0,1,0,0,"40204",5,20,2,2,0,99,99,88,88,1,0,0,0,0,0,0,0,0,0,0,0,0,1,0,0,0,0,0,99,1,1,1,0,1,0,1,1,0,0,0,0,0,1,1,0,0,0,0,0,0,0,99,99,10,6,8,6,1,1,2,0,1,1,1,1,1,0,0,0,0,0,4,1,1
"26",26,1,0,0,0,0,0,0,0,1,0,0,"62234",2,16,1,1,0,0,0,88,88,88,0,1,0,0,1,1,1,0,0,1,0,0,1,0,0,1,1,0,0,1,1,1,0,0,1,1,1,0,0,1,0,1,1,0,0,0,0,2,2,0,0,0,88,11,99,11,9,99,2,4,0,1,1,0,1,0,1,0,0,0,0,5,0,1
"27",27,1,0,0,0,0,0,0,0,1,0,0,"41097",1,20,2,1,0,1,0,1,1,1,0,0,0,0,1,1,1,1,1,1,1,0,0,0,0,0,0,0,99,1,1,1,0,1,1,0,1,1,0,1,1,0,1,0,1,1,0,1,1,1,1,0,1,11,11,8,8,99,4,2,1,1,1,1,0,0,1,0,0,0,0,4,0,0
"28",28,1,0,0,0,0,0,0,0,1,0,0,"19119",99,42,2,2,0,0,0,88,88,0,0,0,0,0,1,0,1,0,0,1,0,0,1,0,0,0,0,1,0,1,1,1,0,0,0,1,0,0,0,0,0,1,1,0,0,0,0,0,0,0,0,0,0,7,4,4,4,1,1,1,0,1,1,1,0,1,1,0,0,0,0,3,99,99
"29",29,1,0,0,0,0,0,0,0,1,0,0,"13827",1,35,1,1,0,1,0,88,88,1,0,0,0,0,0,0,0,0,0,1,0,0,1,0,1,0,0,0,0,1,1,1,99,0,0,0,1,1,0,1,0,0,1,0,0,1,0,1,1,0,1,1,0,10,1,10,1,1,3,3,1,1,0,0,1,1,0,0,0,0,0,2,0,0
"30",30,1,0,0,0,0,0,0,0,1,0,0,"60187",3,16,2,1,0,0,0,88,88,88,0,0,0,0,1,0,1,1,0,1,1,0,0,0,0,0,0,0,0,1,1,1,0,0,0,0,1,0,0,0,0,0,1,0,0,0,0,2,2,1,0,1,99,11,11,11,11,99,3,99,0,0,0,0,0,0,0,0,0,0,0,5,1,1
"31",31,1,0,0,0,0,0,0,0,1,0,0,"54481",2,55,2,1,0,1,0,0,0,1,0,0,1,1,1,0,1,1,1,1,1,0,1,0,0,1,0,0,0,0,0,1,0,0,0,0,1,0,0,0,1,1,1,0,1,0,0,1,0,1,0,0,0,9,7,9,9,6,2,3,1,1,1,1,1,1,1,0,0,0,0,5,0,1
"32",32,1,0,0,0,0,0,0,0,1,0,0,"55404",2,26,2,1,0,0,0,99,99,0,0,0,0,0,0,0,0,0,0,0,0,0,0,0,0,0,0,1,0,1,1,1,0,1,1,1,0,1,0,1,0,1,1,1,1,0,0,2,2,1,1,0,0,10,9,10,9,9,2,99,1,0,1,0,1,1,0,0,0,0,0,5,0,1
"33",33,1,0,0,0,0,0,0,0,1,0,0,"30701",2,12,2,1,0,1,1,99,99,1,0,0,0,0,1,1,1,0,0,1,0,0,0,0,1,0,0,0,0,1,0,0,0,0,0,0,1,0,0,0,0,0,1,0,0,1,0,1,1,1,0,1,0,11,99,99,99,11,3,4,0,1,0,0,0,0,0,0,0,0,0,4,0,1
"34",34,1,0,0,0,0,0,0,0,1,0,0,"40218",5,20,4,2,0,0,0,88,88,1,0,0,0,1,1,1,1,1,0,1,1,0,0,0,0,0,0,1,0,1,1,1,0,1,1,1,1,1,0,1,1,1,1,1,1,1,99,0,0,1,0,0,0,11,8,7,7,1,2,4,0,1,1,0,1,1,0,0,0,0,0,4,1,1
"35",35,1,0,0,0,0,0,0,0,1,0,0,"56477",1,26,1,2,0,1,1,1,1,1,1,1,1,1,1,1,1,1,1,1,1,0,0,0,1,1,1,0,0,1,1,1,0,1,1,1,1,1,0,1,1,1,1,1,1,1,0,1,1,1,1,1,1,11,11,11,11,11,5,5,1,1,0,0,1,1,1,0,0,0,0,5,0,0
"36",36,1,0,0,0,0,0,0,0,1,0,0,"62557",1,16,2,1,0,0,0,0,0,0,0,0,0,1,1,0,0,0,0,1,1,0,0,0,0,0,0,0,0,1,1,1,0,0,1,0,1,0,0,0,0,0,1,0,0,0,0,0,0,1,0,1,1,11,99,11,99,99,99,99,0,1,1,0,0,1,0,0,0,0,0,5,0,0
"37",37,1,0,0,0,0,0,0,0,1,0,0,"06437",2,8,2,1,0,1,0,0,0,0,1,1,1,1,1,0,1,1,1,1,1,0,0,0,0,1,0,0,0,1,0,0,0,0,0,0,0,0,0,1,0,0,1,0,0,0,0,1,1,1,1,0,1,6,6,6,6,6,3,99,0,1,0,0,1,1,0,0,0,0,0,1,0,1
"38",38,1,0,0,0,0,0,0,0,1,0,0,"47882",1,17,1,1,0,0,0,88,88,1,0,0,1,1,1,0,1,1,0,1,0,0,0,0,0,0,0,1,0,0,1,1,0,1,1,1,1,1,0,0,1,1,0,0,1,0,0,2,2,0,0,0,1,9,9,9,6,6,2,3,0,0,1,0,1,1,0,0,0,0,0,5,0,0
"39",39,1,0,0,0,0,0,0,0,1,0,0,"48444",1,25,1,1,0,0,0,88,88,88,0,0,0,0,1,0,1,1,1,1,1,0,0,0,0,0,0,0,0,1,1,1,0,1,1,1,1,1,0,1,1,1,1,1,1,1,0,2,2,1,0,0,1,9,6,7,5,2,3,5,0,1,1,0,0,1,0,0,0,0,0,5,0,0
"40",40,1,0,0,0,0,0,0,0,1,0,0,"48015",1,25,1,1,0,0,0,99,99,0,0,0,0,0,1,0,1,0,0,1,0,0,0,0,0,0,0,1,0,1,1,1,0,1,0,1,0,0,0,1,1,1,1,1,0,1,0,2,2,0,0,0,0,1,1,1,1,88,1,1,0,1,1,0,1,1,0,0,0,0,0,5,0,0
"41",41,1,0,0,0,0,0,0,0,1,0,0,"27890",1,36,3,1,0,0,0,88,88,0,0,0,0,0,0,0,0,0,0,1,0,0,0,0,0,0,0,0,0,1,1,1,0,0,1,1,0,1,0,1,1,1,1,1,0,1,0,2,2,1,0,1,0,2,2,2,1,1,99,99,0,1,1,0,0,1,0,0,0,0,0,4,0,0
"42",42,1,0,1,0,0,0,0,0,1,0,0,"45005",3,39,4,2,0,0,0,0,0,1,0,0,0,0,1,0,0,0,0,1,0,0,0,0,0,0,0,0,0,0,0,0,0,0,0,0,1,1,0,1,0,0,1,0,0,0,0,0,0,0,0,0,0,3,3,3,1,1,1,99,1,0,1,0,0,1,0,0,0,0,0,5,1,1
"43",43,1,0,0,0,0,0,0,0,1,0,0,"80138",1,7,2,1,0,0,0,88,88,88,0,0,0,0,1,1,0,1,0,0,0,0,0,0,0,0,0,1,0,1,1,1,0,0,0,0,1,0,0,0,1,0,0,1,0,1,0,2,2,1,0,99,0,99,99,99,99,99,1,99,0,1,1,0,1,1,0,0,0,0,0,8,0,0
"44",44,1,0,0,0,0,0,0,0,1,0,0,"13357",1,35,1,1,0,1,0,88,88,1,0,0,0,1,1,0,1,1,0,1,1,0,0,0,0,0,0,1,0,1,1,0,0,1,1,1,1,0,0,1,0,0,1,0,0,1,0,1,1,1,1,0,1,11,4,11,4,11,3,3,0,0,0,0,0,0,1,0,0,0,0,2,0,0
"45",45,1,0,0,0,0,0,0,0,1,0,0,"04841",1,22,2,1,0,1,0,99,99,1,0,0,0,0,1,1,1,1,1,1,1,0,1,1,1,1,0,0,0,1,1,1,0,0,0,0,0,1,0,1,0,1,1,1,1,1,0,0,0,1,1,1,1,10,3,3,2,2,2,3,1,1,1,0,1,1,1,0,0,0,0,1,0,0
"46",46,1,0,0,0,0,0,0,0,1,0,0,"80104",3,7,2,2,0,1,0,99,99,1,0,0,1,1,1,0,1,1,1,1,0,0,1,1,0,1,1,0,0,1,1,1,0,0,0,1,1,1,1,1,1,1,1,1,1,1,0,1,1,1,1,0,1,8,1,8,1,6,3,3,0,1,1,1,1,1,1,0,0,0,0,8,1,1
"47",47,1,0,0,0,0,0,0,0,1,0,0,"63116",4,28,3,1,0,0,0,88,88,88,0,0,0,1,1,1,1,0,0,0,0,0,0,0,0,0,0,1,0,1,1,1,0,0,1,1,0,0,0,1,1,1,1,1,1,1,0,0,0,1,0,99,0,11,99,11,99,99,2,99,0,1,1,0,0,1,1,0,0,0,0,7,1,1
"48",48,1,0,0,0,0,0,0,0,1,0,0,"30114",4,12,3,1,0,0,0,88,88,0,0,0,0,0,1,1,1,0,0,1,0,0,0,0,0,0,0,0,0,1,1,1,0,1,1,1,1,1,0,0,0,0,0,0,0,0,0,2,2,1,0,0,0,6,2,6,2,1,2,2,1,1,1,1,1,1,1,0,0,0,0,4,1,1
"49",49,1,0,0,0,0,0,0,0,1,0,0,"39819",2,12,2,1,0,0,0,88,88,88,0,0,0,1,1,0,1,1,0,1,1,0,0,0,0,0,0,0,0,1,1,1,0,1,1,0,1,1,0,1,1,1,1,1,1,0,0,2,2,1,0,1,0,11,6,11,6,1,2,3,0,1,1,1,1,1,1,0,0,0,0,4,0,1
"50",50,1,0,0,0,0,0,0,0,1,0,0,"61455",1,16,88,1,0,1,1,1,1,1,1,1,0,1,1,0,1,1,1,1,0,0,1,0,0,0,0,0,0,1,0,1,0,1,1,1,1,1,1,1,1,1,1,1,1,1,0,1,1,1,1,0,1,11,11,11,11,11,4,5,1,1,0,0,0,0,0,0,0,0,0,5,0,0
"51",51,1,0,1,0,0,0,0,0,1,0,0,"43130",3,39,3,1,0,1,0,0,0,1,0,0,0,0,1,1,0,0,1,0,1,0,0,0,0,1,0,0,0,0,1,1,0,0,1,0,1,1,0,0,0,0,0,0,0,0,0,1,0,1,1,1,0,9,8,9,8,9,88,88,0,0,1,0,0,0,1,0,0,0,0,5,1,1
"52",52,1,0,0,0,0,0,0,0,1,0,0,"53950",1,55,1,1,0,1,0,88,88,1,0,0,0,1,1,0,1,1,0,1,0,0,1,0,0,1,0,0,0,0,1,1,0,1,1,0,1,1,0,0,0,0,1,1,1,0,0,0,0,1,1,1,0,11,6,11,6,11,2,99,0,1,0,0,0,1,0,0,0,0,0,5,0,0
"53",53,1,0,0,0,0,0,0,0,1,0,0,"38732",1,27,2,1,0,1,0,99,99,99,0,0,1,1,1,1,1,1,0,1,1,0,1,0,0,1,1,0,0,1,1,1,0,1,1,1,1,1,0,1,1,1,1,1,1,1,0,1,0,1,0,0,1,11,9,11,9,11,3,4,0,1,1,0,1,1,1,0,0,0,0,4,0,0
"54",54,1,0,0,0,0,0,0,0,1,0,0,"63445",1,28,1,1,0,0,0,88,88,0,0,0,0,0,0,0,0,0,0,0,0,0,1,0,1,0,0,0,0,1,1,1,0,1,0,0,1,1,0,1,1,0,1,0,0,0,0,2,2,0,0,0,0,99,88,99,99,99,1,1,1,0,1,0,0,0,0,0,0,0,0,7,0,0
"55",55,1,0,0,0,0,0,0,0,1,0,0,"79316",1,48,1,1,0,0,0,88,88,88,0,0,0,0,1,0,0,1,0,1,0,0,0,0,0,0,0,0,0,1,1,1,0,0,0,0,0,0,0,1,0,0,1,0,0,0,0,2,2,1,0,0,0,11,6,6,6,1,1,99,0,1,1,1,1,1,1,0,0,0,0,6,0,0
"56",56,1,0,0,0,0,0,0,0,1,0,0,"23093",1,51,2,1,0,88,0,0,0,0,0,0,0,0,1,1,1,1,0,0,1,0,0,0,0,0,0,1,0,1,0,0,0,0,1,1,0,1,0,0,0,0,0,0,0,1,0,2,2,1,0,0,0,11,2,11,2,99,3,4,0,0,1,0,1,1,0,0,0,0,0,3,0,0
"57",57,1,0,0,0,0,0,0,0,1,0,0,"04843",1,22,2,1,0,0,0,88,88,88,0,0,0,0,1,0,1,0,0,1,0,0,0,0,0,0,0,0,0,1,1,1,0,0,1,0,0,1,0,1,1,1,1,1,1,0,0,2,2,1,0,0,0,9,4,7,3,1,2,2,1,1,1,1,1,1,1,0,0,0,0,1,0,0
"58",58,1,0,1,0,0,0,0,0,1,0,0,"18969",99,42,3,1,0,0,0,88,88,88,0,0,0,0,0,0,0,1,0,1,0,0,0,0,0,0,0,1,0,0,1,0,0,0,0,1,1,0,0,0,0,0,1,0,0,0,0,0,0,1,0,0,0,11,9,6,6,99,2,99,0,0,0,0,1,1,0,0,0,0,0,3,99,99
"59",59,1,0,0,0,0,0,0,0,1,0,0,"15232",99,42,3,1,0,99,0,99,99,99,0,0,0,0,0,0,0,0,0,0,0,0,0,0,0,0,0,1,0,1,1,1,0,1,1,1,1,1,0,1,1,1,1,1,1,1,0,0,0,1,0,0,0,10,6,6,6,1,1,99,0,1,1,1,0,1,1,0,0,0,0,3,99,99
"60",60,1,0,0,0,0,0,0,0,1,0,0,"47970",1,17,1,1,0,1,1,1,1,1,1,1,1,1,1,1,1,1,1,1,1,0,1,1,1,1,1,0,0,0,1,1,0,1,1,0,1,1,0,1,1,1,1,1,1,1,0,1,1,1,1,1,1,11,11,11,11,11,4,3,1,1,0,0,1,1,0,0,0,0,0,5,0,0
"61",61,1,0,0,0,0,0,0,0,1,0,0,"26836",1,54,1,1,0,0,0,88,88,1,0,0,0,1,1,0,1,0,0,1,1,0,0,1,0,1,0,0,0,0,1,1,0,1,1,1,1,0,0,1,1,0,1,0,0,1,0,2,2,1,0,1,0,10,9,10,9,8,1,3,0,1,1,0,0,0,1,0,0,0,0,3,0,0
"62",62,1,0,1,0,0,0,0,0,1,0,0,"02885",3,44,1,1,0,0,0,88,88,0,0,0,0,0,0,0,0,1,0,0,0,0,0,0,0,0,0,0,0,1,1,1,0,1,1,1,0,0,0,1,1,1,1,1,0,1,0,0,0,1,0,1,0,11,11,11,1,11,2,4,0,1,0,0,0,0,0,0,0,0,0,1,1,1
"63",63,1,0,0,0,0,0,0,0,1,0,0,"13212",2,35,1,1,0,1,0,88,88,1,0,0,0,1,1,0,1,1,0,1,1,0,1,0,1,1,0,0,0,1,1,1,0,1,1,1,0,1,0,1,1,0,1,0,0,1,0,1,1,1,1,1,1,10,9,10,9,11,4,4,1,0,0,0,0,0,0,0,1,0,0,2,0,1
"64",64,1,0,0,0,0,0,0,0,1,0,0,"46148",1,17,1,1,0,0,0,99,99,99,0,0,0,0,1,1,1,1,0,1,1,0,0,0,0,1,1,0,0,0,1,1,0,1,1,1,1,1,1,1,1,1,1,1,1,1,0,2,2,1,0,0,0,6,6,11,6,6,1,99,0,1,1,0,1,1,1,0,0,0,0,5,0,0
"65",65,1,0,0,0,0,0,0,0,1,0,0,"66451",1,19,1,1,0,0,0,88,88,0,0,0,0,0,1,1,1,1,0,1,1,0,0,0,0,0,0,1,0,1,1,1,0,1,1,0,0,1,0,1,1,0,1,1,1,1,0,2,2,0,0,0,0,11,10,11,8,1,2,4,0,1,0,0,0,0,0,0,0,0,0,7,0,0
"66",66,1,0,0,0,0,0,0,0,1,0,0,"19060",2,42,2,1,0,0,0,88,88,0,0,0,0,0,0,1,1,1,0,0,1,0,0,0,0,0,0,1,0,1,1,1,0,0,0,1,0,0,0,1,0,0,0,0,1,0,0,0,0,1,0,0,0,6,4,11,5,1,1,1,1,1,1,0,1,0,0,0,0,0,0,3,0,1
"67",67,1,0,0,0,0,0,0,0,1,0,0,"30176",1,12,3,1,0,1,0,88,88,0,0,0,0,1,1,0,0,0,0,1,0,0,0,0,0,0,0,1,0,1,0,0,0,0,0,0,1,0,0,0,0,0,1,0,0,0,0,0,0,1,1,0,1,11,1,11,1,1,4,1,0,0,1,0,0,0,0,0,0,0,0,4,0,0
"68",68,1,0,1,0,0,0,0,0,1,0,0,"45806",3,39,2,2,0,1,0,88,88,1,0,0,0,1,1,0,1,1,0,1,1,0,1,1,1,1,0,0,0,0,1,0,0,1,1,1,1,1,0,1,1,1,1,1,1,1,0,1,1,1,99,0,0,11,9,11,9,9,3,4,0,1,1,0,1,1,0,0,0,0,0,5,1,1
"69",69,1,0,1,0,0,0,0,0,1,0,0,"44077",2,39,1,1,0,1,0,88,88,88,0,0,0,1,1,1,1,0,0,1,1,0,0,0,0,0,0,0,0,1,1,0,0,0,0,0,0,0,0,0,0,0,1,0,0,0,0,2,2,1,0,0,0,99,2,2,1,1,99,3,0,1,1,0,0,0,0,0,0,0,0,5,0,1
"70",70,1,0,1,0,0,0,0,0,1,0,0,"23350",1,51,2,2,0,1,0,99,99,1,0,0,0,0,0,0,0,0,0,0,0,0,0,0,0,0,0,0,0,0,0,0,0,0,0,1,0,1,0,0,1,0,1,0,0,0,0,0,0,1,0,0,1,9,5,5,5,1,1,2,1,1,1,0,1,1,0,0,0,0,0,3,0,0
"71",71,1,0,0,0,0,0,0,0,1,0,0,"16335",1,42,1,1,0,1,1,99,99,1,1,1,0,1,1,1,1,1,0,1,1,0,0,0,0,1,0,0,0,1,1,0,0,0,1,0,1,0,0,1,1,1,1,1,1,0,0,1,1,1,0,0,1,11,6,11,6,6,4,3,0,0,0,0,0,1,1,0,0,0,0,3,0,0
"72",72,1,0,0,0,0,0,0,0,1,0,0,"71301",3,21,3,1,0,0,0,88,88,88,0,0,0,0,1,1,1,1,0,0,0,0,0,0,0,0,0,0,0,1,0,1,0,0,0,0,0,0,0,0,0,0,0,0,0,0,0,2,2,1,0,0,0,6,4,3,3,2,1,99,1,1,1,1,1,1,1,0,0,0,0,6,1,1
"73",73,1,0,0,0,0,0,0,0,1,0,0,"69153",1,30,1,1,0,0,0,88,88,99,0,0,0,0,0,0,1,0,0,0,0,0,0,0,0,0,0,1,0,1,1,1,0,0,0,0,1,1,0,1,0,0,0,0,0,0,0,0,0,0,0,0,0,2,2,2,2,1,1,3,1,1,1,0,0,1,0,0,0,0,0,7,0,0
"74",74,1,0,0,0,0,0,0,0,1,0,0,"68410",1,30,1,1,0,1,0,88,88,88,0,0,0,0,0,1,1,1,0,1,1,0,0,0,0,0,0,1,0,1,1,1,0,1,1,0,1,1,0,0,0,0,1,0,0,0,0,0,0,1,0,0,0,11,11,11,11,88,3,3,1,1,1,1,1,1,0,0,1,0,0,7,0,0
"75",75,1,0,0,0,0,0,0,0,1,0,0,"66547",1,19,1,1,0,0,0,88,88,88,0,0,0,0,1,0,1,1,0,1,0,0,0,0,0,0,0,1,0,1,1,1,0,1,1,1,1,1,0,1,1,0,0,0,0,1,0,2,2,1,0,0,0,11,11,11,11,1,2,3,0,0,0,0,0,0,1,0,0,0,99,7,0,0
"76",76,1,0,0,0,0,0,0,0,1,0,0,"53549",1,55,1,1,0,1,0,0,0,1,0,0,0,0,1,0,1,0,0,0,0,0,1,0,0,1,0,0,0,1,1,1,0,1,1,1,1,1,0,1,0,1,1,1,1,1,0,0,0,1,0,0,0,11,1,11,1,1,1,2,0,1,1,0,0,1,0,0,0,0,0,5,0,0
"77",77,1,0,0,0,0,0,0,0,1,0,0,"45858",1,39,2,1,0,1,1,1,1,1,1,1,1,1,1,1,1,1,1,1,1,0,0,0,0,1,1,0,0,1,1,1,0,1,0,0,1,0,0,1,1,0,0,0,0,1,0,1,1,1,0,1,1,11,11,88,11,11,4,4,1,0,0,0,0,0,0,0,0,0,0,5,0,0
"78",78,1,0,0,0,0,0,0,0,1,0,0,"17567",1,42,1,1,0,0,0,88,88,88,0,0,0,0,0,0,0,1,0,0,0,0,0,0,0,0,0,1,0,1,1,1,0,1,1,0,1,0,0,1,1,1,1,1,1,1,0,2,2,1,0,0,0,11,1,11,1,1,1,99,0,0,0,0,0,0,1,0,0,0,99,3,0,0
"79",79,1,0,0,0,0,0,0,0,1,0,0,"06790",3,8,1,1,0,1,1,1,1,1,1,0,0,1,1,0,1,1,0,1,0,0,0,0,0,1,0,0,0,1,1,0,0,1,1,1,1,0,0,1,1,1,1,0,0,0,0,1,1,1,99,0,1,11,11,11,11,11,3,1,1,1,1,0,0,0,1,0,0,0,0,1,1,1
"80",80,1,0,0,0,0,0,0,0,1,0,0,"82701",1,56,1,1,0,0,0,88,88,0,0,0,0,0,0,0,0,0,0,0,0,0,0,0,0,0,0,1,0,1,1,1,0,1,0,0,0,0,0,0,0,0,0,0,0,1,0,0,0,1,0,0,0,2,1,1,1,1,1,2,1,1,1,1,1,1,1,1,1,0,0,8,0,0
"81",81,1,0,0,0,0,0,0,0,1,0,0,"29464",1,45,1,1,0,1,99,99,99,1,0,0,0,0,0,0,0,0,0,1,0,0,1,0,0,0,0,0,0,0,1,0,0,0,0,0,0,0,0,0,0,0,1,1,1,0,0,0,2,1,0,0,0,11,99,11,99,1,1,3,0,1,1,0,1,1,1,0,0,0,0,4,0,0
"82",82,1,0,1,0,0,0,0,0,1,0,0,"18055",5,42,1,1,0,0,0,88,88,88,0,0,0,1,1,1,1,1,0,1,1,0,0,0,0,0,0,1,0,1,1,1,0,1,1,0,1,0,0,1,1,1,1,1,1,1,0,2,2,1,0,0,0,11,99,99,99,1,1,2,1,1,1,0,0,1,1,0,0,0,0,3,1,1
"83",83,1,0,0,0,0,0,0,0,1,0,0,"84624",1,49,1,1,0,1,0,99,99,0,0,0,0,1,1,0,1,1,0,0,0,0,0,1,0,1,0,0,0,1,1,1,0,0,0,0,0,1,0,1,1,0,0,1,0,0,0,1,1,1,0,1,1,11,11,11,11,11,4,3,0,0,1,0,1,1,0,0,0,0,0,8,0,0
"84",84,1,0,0,0,0,0,0,0,1,0,0,"88",4,25,2,1,1,0,0,99,88,0,0,0,0,0,0,0,0,0,0,1,1,0,0,0,0,0,0,0,0,1,1,1,0,1,1,1,0,1,0,1,0,1,1,1,1,1,0,2,2,1,0,0,0,10,9,99,4,2,3,4,0,0,1,1,0,1,1,0,0,0,0,5,1,1
"85",85,1,0,1,0,0,0,0,0,1,0,0,"46526",2,17,3,1,88,0,0,88,88,88,0,0,0,0,1,0,1,1,0,1,0,0,0,0,0,0,0,0,0,0,0,1,0,0,1,1,1,1,0,1,0,0,1,1,0,0,0,2,2,1,0,1,1,6,2,11,6,1,3,5,0,0,0,0,0,1,0,0,0,0,0,5,0,1
"86",86,1,0,0,0,0,0,0,0,1,0,0,"13323",1,35,1,1,0,0,0,0,0,0,0,0,0,1,1,0,1,1,0,1,1,0,0,0,0,0,0,1,0,0,1,1,0,0,0,0,1,1,0,1,0,0,0,0,0,0,0,0,0,1,1,0,1,10,9,10,9,6,3,4,0,1,1,0,0,1,0,0,0,0,0,2,0,0
"87",87,1,0,0,0,0,0,0,0,1,0,0,"04901",2,22,1,1,0,0,0,0,0,0,0,0,0,0,1,0,1,0,0,1,0,0,0,0,0,1,0,0,0,0,0,1,0,0,1,1,0,0,0,1,0,0,1,1,0,1,0,2,2,1,0,0,0,88,88,88,88,88,88,88,0,1,1,0,1,0,0,0,0,0,0,1,0,1
"88",88,1,0,0,0,0,0,0,0,1,0,0,"46723",2,17,1,1,0,0,0,88,88,0,0,0,0,1,1,0,1,1,0,1,1,0,0,0,0,0,0,1,0,0,0,0,0,1,1,1,1,1,1,1,1,1,1,1,1,1,0,2,2,1,0,0,0,11,6,11,6,1,1,1,0,0,1,0,1,1,0,1,0,0,0,5,0,1
"89",89,1,0,0,0,0,0,0,0,1,0,0,"54806",1,55,1,1,0,0,0,88,88,99,0,0,0,0,0,0,0,0,0,0,0,0,1,0,0,0,0,0,0,1,1,1,0,1,1,1,1,1,1,1,1,1,1,1,1,1,0,0,0,1,0,0,1,11,11,11,11,11,2,3,0,0,1,0,0,0,0,0,0,0,0,5,0,0
"90",90,1,1,0,0,0,0,0,0,1,0,0,"45813",1,39,1,1,0,0,0,88,88,88,0,0,0,1,1,0,1,0,1,1,1,0,1,1,1,1,0,0,0,1,1,0,0,1,1,0,0,1,0,0,1,1,1,1,1,0,0,2,2,1,0,99,0,11,10,11,11,11,3,3,0,0,1,0,0,0,0,0,0,0,0,5,0,0
"91",91,0,1,0,0,0,0,0,1,0,0,0,"36619",4,1,5,1,0,0,0,0,0,0,0,0,0,0,1,1,1,1,0,1,1,0,0,0,0,0,0,1,0,0,0,1,99,0,0,0,0,0,0,0,0,0,1,0,0,0,0,0,0,0,0,0,0,6,99,9,5,99,2,99,0,0,0,0,0,1,0,0,0,0,0,4,1,1
"92",92,1,0,0,0,0,0,0,0,1,0,0,"07621",2,33,2,1,0,0,0,88,88,0,0,0,0,0,1,1,1,1,1,0,1,0,1,0,0,0,0,0,0,1,1,1,0,1,1,1,1,0,0,1,1,1,1,1,1,1,0,2,2,1,0,0,0,11,6,9,3,1,1,5,0,0,0,0,0,0,0,0,0,0,99,2,0,1
"93",93,1,0,1,0,0,0,0,0,1,0,0,"68901",3,30,3,1,1,1,1,99,99,1,1,1,0,1,1,1,1,1,0,1,0,0,0,1,0,1,1,0,0,1,1,0,0,0,0,0,1,0,0,0,0,1,1,1,1,0,0,1,1,1,0,1,1,11,2,11,2,99,4,3,1,1,0,1,1,1,0,0,0,0,0,7,1,1
"94",94,1,0,0,0,0,0,0,0,1,0,0,"44672",2,39,2,2,0,1,0,0,0,0,0,0,0,1,1,1,1,1,0,0,1,0,1,0,0,1,1,0,0,1,0,0,0,0,1,1,1,0,0,1,0,0,1,0,0,0,0,2,2,1,0,1,1,10,5,10,7,2,2,2,0,1,1,0,1,1,1,0,0,0,0,5,0,1
"95",95,1,0,0,0,0,0,0,0,1,0,0,"29506",4,45,2,1,0,0,0,88,88,1,0,0,0,1,1,1,1,1,0,1,0,0,1,0,0,0,0,0,0,1,0,1,0,0,0,0,0,1,0,1,0,0,1,1,1,0,0,0,0,1,0,0,1,10,7,10,7,1,2,4,0,0,0,0,0,1,1,0,0,0,0,4,1,1
"96",96,1,0,0,0,0,0,0,0,1,0,0,"44310",4,39,1,1,0,0,0,88,88,0,0,0,0,1,1,1,1,1,1,1,0,0,0,0,0,0,0,0,0,1,1,1,0,0,0,1,0,0,0,0,1,0,1,1,0,1,0,2,2,1,0,0,1,3,1,5,8,1,4,88,1,1,1,0,0,0,1,0,0,0,0,5,1,1
"97",97,1,0,0,0,0,0,0,0,1,0,0,"08759",3,33,2,1,0,0,0,88,88,99,0,0,0,0,1,0,1,1,0,1,0,0,1,0,0,1,0,0,0,1,1,0,0,0,1,1,0,0,0,0,0,1,1,0,0,0,0,0,0,1,0,0,0,11,6,11,6,1,2,5,0,1,1,0,0,0,0,0,0,0,0,2,1,1
"98",98,1,0,0,0,0,0,0,0,1,0,0,"10965",1,35,1,1,0,0,0,0,0,0,0,0,0,0,0,0,1,1,0,0,0,0,0,0,0,0,0,1,0,1,1,1,0,0,0,0,0,0,0,0,0,0,0,0,0,0,0,2,2,0,0,0,0,2,1,2,1,2,3,1,0,0,0,0,0,0,0,0,1,0,0,2,0,0
"99",99,1,0,0,0,0,0,0,0,1,0,0,"85901",3,4,3,2,0,0,0,88,88,88,0,0,0,1,1,0,1,0,0,1,1,0,0,0,0,0,0,0,0,1,1,1,0,1,1,1,0,1,0,1,1,0,1,1,1,1,0,2,2,1,0,1,0,10,6,10,10,3,1,1,0,1,1,1,1,1,1,0,0,0,0,9,1,1
"100",100,1,0,0,0,0,0,0,0,1,0,0,"01089",4,24,2,1,0,0,0,99,99,99,0,0,0,1,1,1,1,1,0,1,1,0,1,0,0,1,1,0,0,1,1,0,0,0,0,1,0,0,0,1,1,1,1,1,1,1,0,0,0,1,0,1,1,10,8,10,6,7,3,3,1,1,1,1,0,1,0,0,0,0,0,1,1,1
"101",101,1,0,0,0,0,0,0,0,1,0,0,"56215",1,26,2,1,0,1,0,99,99,99,1,0,1,1,1,0,1,0,0,1,0,0,0,0,1,1,0,0,0,1,1,1,0,0,1,0,1,1,0,1,0,0,1,0,0,0,0,1,0,1,0,0,0,10,6,9,3,99,4,4,0,1,1,0,0,1,0,0,0,0,0,5,0,0
"102",102,1,0,0,0,0,0,0,0,1,0,0,"82435",1,56,1,1,0,0,0,0,0,1,0,0,0,1,1,0,1,1,0,1,0,0,0,1,0,0,0,0,0,1,1,1,0,1,1,0,1,0,0,1,0,0,1,0,0,1,0,0,0,1,0,0,1,9,6,11,6,6,1,3,1,1,1,1,1,1,1,0,0,0,0,8,0,0
"103",103,1,0,0,0,0,0,0,0,1,0,0,"48617",1,25,1,1,0,1,0,88,88,88,0,0,0,0,1,0,1,1,1,1,1,0,0,0,1,0,0,0,0,1,1,1,0,1,1,1,1,1,1,1,1,1,1,1,1,1,0,2,2,1,0,0,0,11,1,11,1,99,2,99,1,1,1,0,1,1,1,0,0,0,0,5,0,0
"104",104,1,0,1,0,0,0,0,0,1,0,0,"73401",2,40,2,1,0,0,0,0,0,1,0,0,0,0,1,1,1,0,0,1,0,0,0,0,0,0,0,1,0,0,0,1,0,1,1,0,0,0,0,1,0,0,1,0,0,1,0,0,0,1,0,0,1,11,11,11,11,1,1,2,0,1,1,0,1,1,1,0,0,0,0,6,0,1
"105",105,1,0,0,0,0,0,0,0,1,0,0,"41017",2,20,2,1,0,0,0,99,99,99,0,0,0,0,0,0,1,1,1,1,1,0,0,0,0,0,0,1,0,1,1,0,0,1,1,1,1,1,0,1,0,0,1,0,1,0,0,0,0,1,0,0,0,11,11,11,9,11,3,3,0,0,1,0,0,0,0,0,1,0,0,4,0,1
"106",106,1,0,0,0,0,0,0,0,1,0,0,"19002",1,42,1,1,0,0,0,0,0,0,0,0,0,0,1,0,0,0,0,0,0,0,0,0,0,0,0,0,0,1,1,1,0,1,1,0,1,0,0,0,0,0,0,0,0,0,0,2,2,1,0,1,0,11,1,6,1,1,2,3,1,1,0,0,0,0,0,0,0,0,0,3,0,0
"107",107,1,0,0,0,0,0,0,0,1,0,0,"06010",3,8,2,1,0,0,0,88,88,88,0,0,0,1,1,0,1,1,0,0,0,0,0,0,0,0,0,1,0,1,1,1,0,0,0,0,0,0,0,0,0,0,1,0,0,0,0,2,2,1,0,0,0,10,2,10,10,99,2,3,0,1,1,0,1,0,0,0,0,0,0,1,1,1
"108",108,1,0,1,0,0,0,0,0,1,0,0,"62451",1,16,3,1,0,0,0,88,88,88,0,0,0,1,1,0,1,1,0,1,1,0,0,0,0,0,0,0,0,1,1,1,0,1,0,0,1,1,0,1,1,1,1,1,1,0,0,0,0,1,0,0,1,11,6,6,6,1,1,1,0,1,1,1,1,1,1,0,0,0,0,5,0,0
"109",109,1,0,0,0,0,0,0,0,1,0,0,"45377",1,39,2,1,0,1,0,0,0,0,0,0,0,0,1,1,1,1,0,1,0,0,0,0,0,1,0,0,0,1,1,1,0,1,1,0,1,0,0,1,0,0,0,0,0,1,0,1,0,1,1,1,0,11,6,6,6,11,4,3,0,0,0,0,0,0,0,0,0,0,0,5,0,0
"110",110,1,0,1,0,0,0,0,0,1,0,0,"44857",2,39,1,1,0,1,0,99,99,1,0,0,0,1,1,1,1,0,1,1,0,0,0,1,0,0,0,0,0,1,0,1,0,0,1,0,1,1,0,1,1,0,0,1,0,0,0,99,99,1,1,1,1,6,6,6,6,10,3,5,0,0,1,0,0,0,0,0,0,0,0,5,0,1
"111",111,1,0,1,0,0,0,0,0,1,0,0,"46767",1,17,2,1,1,0,0,88,88,1,0,0,0,1,1,0,1,1,0,1,1,0,0,0,0,0,0,0,0,1,1,1,0,1,0,0,1,1,0,1,0,0,1,0,0,0,0,0,0,1,0,0,0,11,11,9,9,11,3,1,0,1,1,0,0,1,0,0,0,0,0,5,0,0
"112",112,1,0,0,0,0,0,0,0,1,0,0,"15210",2,42,1,1,0,0,0,88,88,88,1,1,1,1,1,1,1,1,0,0,0,0,0,0,0,0,0,1,0,1,1,0,0,0,1,1,0,0,0,0,1,0,1,0,0,0,0,2,2,1,1,0,0,6,6,6,6,6,3,5,0,0,1,0,0,1,0,0,0,0,0,3,0,1
"113",113,1,0,0,0,0,0,0,0,1,0,0,"45875",2,39,3,1,0,1,1,1,99,1,1,1,1,1,1,1,1,1,0,1,0,0,0,1,1,1,1,0,0,0,1,1,0,0,0,0,0,0,0,1,0,0,1,0,0,1,0,1,1,1,1,1,1,6,6,6,6,99,5,5,0,0,0,0,1,1,0,0,0,0,0,5,0,1
"114",114,1,0,0,0,0,0,0,0,1,0,0,"48043",3,25,1,1,0,1,0,88,88,0,0,0,0,0,1,0,1,1,0,0,0,0,0,0,0,0,0,1,0,1,1,1,0,1,1,1,0,1,0,1,1,1,1,0,0,1,0,1,2,1,0,0,0,6,1,3,1,1,1,2,1,1,1,1,1,1,1,0,0,0,0,5,1,1
"115",115,1,0,0,0,0,0,0,0,1,0,0,"49727",1,25,1,1,0,0,0,88,88,88,0,0,0,0,0,0,0,1,0,1,1,0,0,0,0,0,0,1,0,1,1,1,0,1,1,1,0,1,0,1,0,1,1,1,1,1,0,2,2,1,0,0,0,11,1,1,1,1,2,4,0,0,0,0,0,0,0,0,0,0,0,5,0,0
"116",116,1,0,0,0,0,0,0,0,1,0,0,"44432",1,39,1,1,0,1,0,99,99,1,0,0,0,1,1,0,1,1,0,1,1,0,1,0,0,0,0,0,0,1,1,1,0,1,1,1,1,1,1,1,1,1,1,1,1,1,0,0,0,1,0,0,0,2,2,3,3,2,1,3,1,1,1,1,1,1,1,0,0,0,0,5,0,0
"117",117,1,0,0,0,0,0,0,0,1,0,0,"44001",1,39,1,1,0,0,0,88,88,88,0,0,0,0,1,0,1,0,0,0,0,0,0,0,0,0,0,0,0,1,0,0,0,0,0,1,1,0,0,0,1,1,1,0,1,0,0,0,0,1,0,0,0,11,11,11,11,1,88,88,0,0,0,0,0,0,0,0,0,0,0,5,0,0
"118",118,1,0,0,0,0,0,0,0,1,0,0,"01851",3,24,2,1,0,0,0,99,88,88,0,0,0,0,0,0,1,1,0,1,1,0,0,0,0,0,0,1,0,1,1,1,0,1,0,1,0,0,0,1,1,1,1,1,1,1,0,0,0,1,1,0,0,11,9,9,7,6,4,4,0,1,1,0,1,1,0,0,0,0,0,1,1,1
"119",119,1,0,0,0,0,0,0,0,1,0,0,"28021",2,36,1,1,0,0,0,88,88,99,0,0,0,0,1,0,1,1,0,1,0,0,0,0,0,0,0,1,0,1,1,1,0,0,1,1,1,1,0,0,1,0,1,0,0,0,0,2,2,1,0,0,0,10,5,10,5,1,1,5,1,1,1,0,1,1,0,0,0,0,0,4,0,1
"120",120,1,0,1,0,0,0,0,0,1,0,0,"67401",2,19,4,1,0,0,0,0,0,0,0,0,0,1,1,0,0,0,0,1,1,0,0,0,0,0,0,1,0,1,0,1,0,1,1,0,0,1,0,1,0,1,1,1,1,0,0,0,0,0,0,0,0,6,4,7,4,1,2,3,1,1,1,1,1,1,0,0,0,0,0,7,0,1
"121",121,1,0,1,0,0,0,0,0,1,0,0,"35010",2,1,3,1,0,1,1,99,99,1,1,1,1,0,1,0,0,0,0,1,0,0,1,1,1,0,0,0,0,1,1,1,0,0,1,0,1,0,0,1,0,0,0,0,0,0,0,1,1,1,0,1,1,11,10,11,10,6,4,4,0,1,0,0,1,1,0,0,0,0,0,4,0,1
"122",122,1,0,1,0,0,0,0,0,1,0,0,"46158",1,17,2,1,0,1,0,88,88,88,0,0,0,1,1,1,1,1,0,1,1,0,0,0,0,0,0,0,0,0,0,0,0,1,1,0,1,1,0,1,0,0,1,1,0,0,0,0,0,1,0,0,0,11,11,11,11,10,2,3,1,1,1,0,1,1,0,0,0,0,0,5,0,0
"123",123,1,0,0,0,0,0,0,0,1,0,0,"29651",99,45,2,2,0,0,0,88,88,88,0,0,0,1,1,1,1,0,0,1,0,0,1,1,1,1,0,0,0,0,1,1,0,1,1,1,1,1,0,1,1,0,1,1,1,1,0,1,0,1,0,1,1,6,99,99,99,99,2,2,1,1,1,1,1,1,1,0,0,0,0,4,99,99
"124",124,1,0,0,0,0,0,0,0,1,0,0,"47346",1,17,1,1,0,1,0,99,99,1,0,0,0,1,1,1,1,0,0,1,1,0,1,0,0,1,0,0,0,1,1,1,0,0,1,0,0,0,0,0,0,0,1,0,0,1,0,1,1,1,1,1,1,11,11,11,11,11,3,3,0,0,0,0,0,1,0,1,0,0,0,5,0,0
"125",125,1,0,0,0,0,0,0,0,1,0,0,"18944",1,42,2,1,0,0,0,88,88,88,0,0,0,0,1,0,0,1,0,1,0,0,0,0,0,0,0,1,0,1,1,0,0,0,1,0,1,0,0,1,0,1,1,1,1,0,0,2,2,1,0,0,0,11,6,11,6,1,2,4,0,0,1,0,1,1,1,0,0,0,0,3,0,0
"126",126,1,0,0,0,0,0,0,0,1,0,0,"00717",4,43,5,2,0,0,0,88,88,88,0,0,0,0,1,1,1,1,0,0,1,0,0,0,0,0,0,1,0,1,1,1,0,1,1,0,0,0,0,0,1,1,1,0,0,0,0,2,2,0,0,0,1,11,6,11,6,4,2,4,0,1,1,0,1,1,1,0,0,0,0,2,1,1
"127",127,1,0,1,0,0,0,0,0,1,0,0,"45415",3,39,2,1,0,0,0,99,99,99,0,0,0,0,1,1,1,1,0,1,0,0,0,0,0,0,0,0,0,0,1,1,0,0,0,0,1,0,0,0,1,0,1,0,0,0,0,0,0,1,0,1,1,9,8,11,2,6,3,4,0,1,1,0,1,1,0,0,0,0,0,5,1,1
"128",128,1,0,0,0,0,0,0,0,1,0,0,"49677",1,25,1,1,0,0,0,88,88,0,0,0,0,0,1,0,1,0,0,0,0,0,0,0,0,0,0,1,0,1,1,1,0,0,0,0,0,0,0,1,0,0,1,0,0,1,0,2,2,1,0,0,0,1,1,6,1,1,3,4,1,0,0,0,0,0,1,0,0,0,0,5,0,0
"129",129,1,0,0,0,0,0,0,0,1,0,0,"58801",2,37,3,1,0,0,0,99,99,1,1,0,0,1,1,1,1,1,0,1,0,0,1,1,1,1,0,0,0,1,1,1,0,1,1,1,1,1,0,1,1,1,1,1,1,1,0,1,0,1,0,1,1,11,11,11,11,10,4,4,0,0,1,0,1,1,1,0,0,0,0,8,0,1
"130",130,1,1,1,0,0,0,0,0,1,0,0,"81003",4,7,4,99,0,0,0,88,88,88,0,0,0,0,1,1,1,1,0,0,0,0,0,0,0,0,0,0,0,0,0,1,0,0,0,0,1,0,0,0,0,0,1,0,0,1,0,2,2,1,0,0,0,10,8,10,11,5,2,3,0,1,1,0,1,1,1,0,0,0,0,8,1,1
"131",131,1,0,0,0,0,0,0,0,1,0,0,"80134",2,7,1,1,0,0,0,88,88,88,0,0,0,1,0,0,1,1,0,0,0,0,0,0,0,0,0,1,0,1,0,0,0,0,0,1,1,1,0,0,1,1,0,1,1,1,0,2,2,1,0,0,0,6,6,6,4,1,1,5,0,1,1,0,0,1,0,0,0,0,0,8,0,1
"132",132,1,0,0,0,0,0,0,0,1,0,0,"67022",1,19,1,1,0,1,0,88,88,99,0,0,0,0,0,0,0,0,0,0,0,0,1,0,0,1,0,0,0,1,1,1,0,0,1,0,1,1,0,1,0,0,1,1,0,1,0,2,2,1,1,1,0,11,6,11,6,11,3,1,0,1,1,1,1,1,1,0,0,0,0,7,0,0
"133",133,1,0,0,0,0,0,0,0,1,0,0,"66701",1,19,2,1,0,0,0,88,88,88,0,0,0,0,1,0,1,0,0,1,0,0,0,0,0,0,0,1,0,1,1,1,0,1,1,1,1,1,0,1,1,1,1,1,1,1,0,2,2,1,0,0,0,11,6,11,6,1,1,4,1,1,1,1,1,1,1,0,0,0,0,7,0,0
"134",134,1,0,0,0,0,0,0,0,1,0,0,"28681",2,36,1,1,0,0,0,0,0,0,0,0,0,1,0,1,1,1,0,1,0,0,0,0,0,0,0,1,0,1,0,1,0,0,1,1,0,1,0,1,1,0,1,1,1,0,0,2,2,1,0,0,0,10,2,10,10,4,88,88,1,1,1,1,1,1,1,0,0,0,0,4,0,1
"135",135,1,0,0,0,0,0,0,0,1,0,0,"70546",1,21,2,1,0,1,1,1,1,1,1,1,1,1,1,0,1,0,0,1,0,0,1,1,1,1,1,0,0,1,0,1,0,1,1,0,1,1,0,0,0,0,0,0,0,0,0,1,0,0,0,0,1,6,3,99,3,6,3,4,0,0,0,0,0,1,1,0,0,0,0,6,0,0
"136",136,1,0,1,0,0,0,0,0,1,0,0,"17078",1,42,2,1,0,0,0,88,88,88,0,0,0,0,1,0,1,0,0,1,1,0,0,0,0,0,0,1,0,0,0,1,0,0,0,0,1,0,0,1,0,0,1,0,0,0,0,2,2,1,0,0,1,6,1,6,1,1,3,99,0,0,0,0,0,0,0,0,0,0,0,3,0,0
"137",137,1,0,0,0,0,0,0,0,1,0,0,"48060",3,25,1,1,0,0,0,0,0,0,0,0,0,0,1,0,0,1,0,1,0,0,1,0,0,0,0,0,0,1,1,1,0,0,0,1,0,0,0,0,0,0,0,0,0,0,0,2,2,1,0,0,0,10,8,10,8,2,4,4,0,0,0,0,0,0,0,0,1,0,0,5,1,1
"138",138,1,0,0,0,0,0,0,0,1,0,0,"28352",2,36,2,1,0,0,0,88,88,88,0,0,0,0,0,1,1,1,0,0,1,0,0,0,1,0,0,0,0,1,1,1,0,0,1,1,0,1,0,0,1,0,0,1,1,0,0,0,0,1,0,0,0,11,6,11,6,1,1,1,1,0,1,0,0,1,0,0,0,0,0,4,0,1
"139",139,1,0,0,0,0,0,0,0,1,0,0,"83530",1,15,1,1,0,0,0,88,88,88,0,0,0,1,1,0,1,0,0,1,1,0,1,1,1,1,0,0,0,1,1,1,0,1,0,0,1,1,0,0,1,0,1,0,1,0,0,2,2,1,0,0,0,11,11,11,11,11,1,3,1,1,1,0,1,0,1,0,0,0,0,10,0,0
"140",140,1,0,0,0,0,0,0,0,1,0,0,"48755",1,25,1,1,0,0,0,88,88,0,0,0,0,0,0,0,0,0,0,0,0,0,0,0,0,0,0,1,0,1,1,1,0,1,0,1,0,1,0,1,0,0,0,0,0,1,0,2,2,0,0,0,0,10,10,10,7,6,1,3,1,1,0,0,0,1,0,0,0,0,0,5,0,0
"141",141,1,0,0,0,0,0,0,0,1,0,0,"25702",3,54,1,1,0,0,0,88,88,88,1,0,0,1,1,1,1,1,0,1,1,0,0,0,0,0,0,0,0,1,1,1,0,1,1,1,1,0,0,1,0,0,1,0,0,0,0,2,2,1,0,0,1,11,11,11,99,99,2,3,1,0,0,0,0,0,0,0,0,0,0,3,1,1
"142",142,0,1,1,0,0,0,0,1,0,0,0,"07050",88,33,3,1,0,1,0,88,88,0,0,0,0,1,1,1,1,1,0,1,1,0,0,1,0,1,0,0,0,0,1,0,0,0,0,0,0,0,0,0,0,0,1,0,0,0,0,1,1,0,0,0,1,11,99,11,99,99,99,99,1,1,1,1,0,0,1,0,0,0,0,2,88,88
"143",143,1,0,0,0,0,0,0,0,0,0,99,"68510",4,30,1,2,0,1,1,1,1,1,1,1,0,1,1,0,0,1,0,1,0,0,0,0,0,0,1,0,0,1,1,1,0,1,1,0,1,0,0,1,1,1,1,1,0,1,0,1,1,1,0,0,0,6,3,6,3,6,3,4,1,1,0,0,1,1,0,0,0,0,0,7,1,1
"144",144,1,0,0,0,0,0,0,0,1,0,0,"28694",1,36,2,1,0,0,0,0,0,99,0,0,0,1,1,0,1,1,0,1,0,0,1,1,0,1,0,0,0,1,1,1,0,0,0,1,0,1,0,0,1,0,0,0,0,0,0,2,2,1,0,0,1,11,3,9,99,1,2,2,1,1,1,0,1,1,1,0,0,0,0,4,0,0
"145",145,0,1,0,0,0,0,0,1,0,0,0,"99501",4,2,1,1,0,1,0,88,88,1,0,0,1,0,0,1,0,1,0,1,0,0,0,0,0,0,0,0,0,0,1,0,0,0,1,0,0,0,0,1,1,1,1,0,0,1,0,1,1,0,0,1,0,11,1,11,1,11,3,4,0,0,1,0,0,0,0,0,0,0,0,10,1,1
"146",146,1,1,1,0,0,0,0,1,0,0,0,"75019",4,48,2,1,0,1,1,99,99,1,1,0,1,1,1,1,1,1,0,1,0,0,1,0,0,1,0,0,0,1,1,1,0,1,1,1,1,0,0,0,1,0,1,1,0,1,0,0,0,1,1,0,1,10,6,8,8,2,3,3,0,1,0,1,1,1,1,0,0,0,0,6,1,1
"147",147,1,0,0,0,0,0,0,0,1,0,0,"86336",2,4,3,1,0,0,0,88,88,88,0,0,0,0,0,0,0,0,0,0,0,0,0,0,0,0,0,0,0,1,1,1,0,1,1,1,1,1,0,1,1,1,1,1,1,0,0,2,2,0,0,0,0,11,99,11,99,1,1,99,0,1,1,0,0,1,0,0,0,0,0,9,0,1
"148",148,1,1,0,0,0,0,0,0,1,0,0,"76645",1,48,4,1,0,0,0,88,88,0,0,0,0,0,1,0,1,1,0,1,1,0,0,0,0,0,0,1,0,1,1,1,0,1,1,0,0,1,0,1,0,0,1,0,0,0,0,2,2,1,0,0,0,10,8,10,8,1,2,3,0,1,0,1,1,1,0,0,0,0,0,6,0,0
"149",149,1,0,1,0,0,0,0,0,1,0,0,"29926",2,45,2,2,0,0,0,0,0,0,0,0,1,0,1,0,1,0,0,0,1,0,0,0,0,0,0,1,0,1,1,1,0,0,1,0,1,0,0,0,0,1,1,0,0,0,0,2,2,1,1,0,0,9,6,10,6,1,2,4,0,0,1,0,1,1,0,0,0,0,0,4,0,1
"150",150,1,0,0,0,0,0,0,0,1,0,0,"53094",2,55,2,1,0,1,0,88,88,1,0,0,0,1,1,0,1,1,1,1,1,0,1,1,0,1,0,0,0,1,1,1,0,1,1,1,1,1,0,1,1,1,1,1,1,1,0,1,1,1,0,0,1,11,7,9,6,6,3,3,1,1,1,1,1,1,1,0,0,0,0,5,0,1
"151",151,1,0,0,0,0,0,0,0,1,0,0,"56378",1,26,2,1,0,0,0,0,0,0,0,0,0,0,0,1,1,0,0,1,0,0,0,0,0,0,0,1,0,1,1,1,0,0,0,0,0,0,0,0,1,0,1,0,0,1,0,2,2,1,0,0,0,11,6,8,6,1,1,3,0,0,1,0,0,1,0,0,0,0,0,5,0,0
"152",152,1,0,0,0,0,0,0,0,1,0,0,"18045",3,42,2,1,0,0,0,88,88,88,0,0,0,0,0,0,0,0,1,1,0,0,0,0,0,0,0,0,0,1,1,0,0,0,1,1,1,1,0,1,1,1,1,0,0,0,0,0,0,1,0,0,1,11,1,11,11,1,1,2,1,1,1,0,1,1,1,0,0,0,0,3,1,1
"153",153,1,0,0,0,0,0,0,0,1,0,0,"37887",1,47,2,1,0,0,0,88,88,88,0,0,0,0,0,0,1,1,0,1,1,0,0,0,0,0,0,1,0,1,1,1,0,0,1,1,0,1,0,1,0,1,1,0,1,0,0,2,2,1,0,0,0,11,99,11,99,99,3,99,1,1,0,0,0,0,0,0,0,0,0,4,0,0
"154",154,0,1,0,0,0,0,0,1,0,0,0,"02186",99,24,88,99,0,0,1,88,88,1,1,0,0,0,1,0,1,0,0,0,1,0,1,0,1,0,0,0,0,0,0,0,0,1,1,0,0,0,0,0,0,0,1,0,0,0,0,0,0,1,0,1,99,9,99,9,99,88,88,3,0,0,0,0,0,0,0,0,1,0,0,1,99,99
"155",155,1,0,0,0,0,0,0,0,1,0,0,"73130",3,40,3,1,0,0,0,88,88,88,0,0,0,0,0,0,0,0,0,1,1,0,0,0,0,0,0,0,0,1,1,1,0,1,1,1,0,0,0,1,0,0,1,1,0,1,0,0,0,1,0,0,0,10,6,9,6,2,1,5,0,0,1,0,0,1,1,0,0,0,0,6,1,1
"156",156,1,0,0,0,0,0,0,0,1,0,0,"62269",2,16,2,1,0,1,1,1,1,1,0,0,0,1,1,1,1,1,0,1,1,0,1,1,1,1,0,0,0,1,1,0,0,0,1,1,0,0,0,0,1,1,0,1,1,0,0,0,0,1,0,1,1,9,7,6,99,99,4,4,0,1,0,0,1,1,1,0,0,0,0,5,0,1
"157",157,1,0,1,0,0,1,0,0,1,0,0,"56283",1,26,2,1,0,1,1,99,99,1,1,1,0,1,1,0,1,1,0,1,1,0,1,1,1,1,0,0,0,1,1,1,0,1,1,1,1,1,0,1,1,1,1,1,1,1,0,1,1,1,0,1,88,11,9,11,9,99,4,4,1,0,0,1,0,1,1,0,0,0,0,5,0,0
"158",158,1,0,0,0,0,0,0,0,1,0,0,"46755",1,17,2,1,0,1,1,1,1,1,1,1,0,1,1,1,1,1,0,1,1,0,0,1,1,1,0,0,0,1,1,1,0,1,1,0,1,0,0,1,0,0,0,0,0,0,0,1,1,1,1,1,1,11,99,11,99,99,5,5,1,0,0,0,0,0,0,0,0,0,0,5,0,0
"159",159,1,0,0,0,0,0,0,0,1,0,0,"61088",1,16,1,1,0,0,0,88,88,88,0,0,0,0,1,0,1,1,0,1,0,0,0,0,0,0,0,1,0,1,1,1,0,1,1,0,1,1,0,1,0,0,1,1,0,1,0,2,2,1,0,0,0,11,11,11,11,1,2,99,0,0,1,0,1,0,0,0,0,0,0,5,0,0
"160",160,1,0,1,0,0,0,0,0,1,0,0,"61833",4,16,1,2,0,1,1,1,1,1,1,1,0,1,1,0,1,1,0,1,1,0,0,1,1,1,1,0,99,1,1,1,0,1,1,0,1,1,0,1,1,1,1,1,1,1,0,1,1,1,0,1,1,11,11,11,11,11,4,2,1,1,1,1,1,1,1,0,0,0,0,5,1,1
"161",161,1,0,0,0,0,0,0,0,1,0,0,"50401",3,18,1,1,0,1,1,1,1,1,1,1,1,1,1,1,1,1,0,1,1,0,1,1,1,1,1,0,0,1,1,1,0,1,1,1,0,1,0,1,1,1,1,1,1,1,0,1,1,1,0,1,1,11,9,11,9,11,4,4,0,1,0,1,1,1,1,0,0,0,0,7,1,1
"162",162,1,0,0,0,0,0,0,0,1,0,0,"14830",1,35,1,1,0,0,0,88,88,88,0,0,0,1,1,0,1,1,0,1,1,0,0,0,0,0,0,0,0,1,1,1,0,0,0,0,1,1,0,1,1,1,1,1,1,1,0,0,0,1,0,0,1,11,4,11,4,1,2,1,1,1,1,1,1,1,1,0,0,0,0,2,0,0
"163",163,1,0,0,0,0,0,0,0,1,0,0,"65360",1,28,1,1,0,0,0,88,88,0,0,0,0,0,0,0,0,0,0,1,0,0,0,0,0,0,0,0,0,1,1,1,0,1,0,0,1,1,0,1,1,1,1,1,1,1,0,2,2,1,0,0,0,8,1,11,1,1,1,3,1,1,1,1,1,1,1,1,0,0,0,7,0,0
"164",164,1,0,0,0,0,0,0,0,1,0,0,"68048",1,30,1,1,0,1,1,99,99,99,0,0,0,0,1,0,1,0,0,1,0,0,0,0,1,0,0,0,0,1,1,1,0,0,0,0,1,1,0,1,0,1,1,1,1,0,0,0,0,0,0,1,0,11,11,11,11,1,3,3,1,0,1,0,0,1,1,0,0,0,0,7,0,0
"165",165,1,0,0,0,0,0,0,0,1,0,0,"49068",1,25,2,1,0,1,0,0,0,0,0,0,0,1,1,0,1,1,1,1,1,0,0,0,0,0,0,1,0,1,1,1,0,0,0,0,0,0,0,0,0,0,1,0,0,1,0,2,2,1,0,0,1,11,11,11,11,11,3,99,0,1,0,1,0,1,0,1,0,0,0,5,0,0
"166",166,1,0,0,0,0,0,0,0,1,0,0,"54016",2,55,3,1,0,0,0,88,88,88,0,0,0,1,0,0,0,1,0,0,0,0,0,0,0,0,0,0,0,0,1,1,0,0,1,1,0,1,0,1,0,1,1,1,1,0,0,0,0,1,0,1,0,11,8,10,99,99,2,2,0,1,1,0,1,1,1,0,0,0,0,5,0,1
"167",167,1,0,0,0,0,0,0,0,1,0,0,"14103",1,35,1,1,0,0,0,99,99,99,0,0,0,0,1,0,1,1,0,1,0,0,0,0,0,0,0,1,0,1,1,1,0,1,1,1,1,1,0,1,1,1,1,1,1,1,0,2,2,1,0,0,0,6,1,6,1,1,1,99,1,1,1,0,1,1,1,0,0,0,0,2,0,0
"168",168,1,0,0,0,0,0,0,0,1,0,0,"21231",5,23,1,1,0,1,0,88,88,1,0,0,0,1,1,1,1,0,1,1,1,0,1,1,1,0,0,0,99,1,1,1,0,1,1,1,0,0,0,0,1,0,1,0,0,0,0,1,1,1,0,1,1,11,11,6,6,6,4,4,0,0,0,0,0,0,0,0,1,0,0,3,1,1
"169",169,1,0,0,0,0,0,0,0,1,0,0,"43614",4,39,2,1,0,0,0,88,88,88,0,0,0,0,0,0,0,0,0,1,0,0,0,0,0,0,0,1,0,1,1,1,0,1,0,0,1,1,0,0,0,0,1,0,0,0,0,0,0,1,0,0,0,11,6,6,6,6,1,99,1,1,1,0,1,1,0,0,0,0,0,5,1,1
"170",170,1,0,0,0,0,0,0,0,1,0,0,"21701",3,23,2,2,0,1,1,1,1,1,1,1,1,1,1,1,1,1,1,1,1,0,1,0,1,1,1,0,0,1,0,1,0,0,1,1,0,1,0,1,0,0,0,1,0,0,0,1,1,1,1,1,1,6,6,6,6,9,4,4,0,1,1,1,1,1,1,1,0,0,0,3,1,1
"171",171,1,0,0,0,0,0,0,0,1,0,0,"83420",1,15,1,1,0,0,0,88,88,0,0,0,0,1,1,0,0,0,0,1,0,0,0,0,0,0,0,0,0,1,0,1,0,0,0,0,1,1,0,1,0,0,1,0,0,0,0,2,2,1,0,0,0,88,88,88,88,88,88,88,0,0,0,0,0,0,0,0,0,0,0,10,0,0
"172",172,1,0,0,0,0,0,0,0,1,0,0,"41097",1,20,2,1,0,1,0,0,0,0,0,0,0,0,1,0,1,1,0,1,1,0,0,1,1,1,0,0,0,1,1,1,0,1,1,0,1,1,0,1,1,1,1,1,1,1,0,2,2,1,1,0,1,11,11,8,8,8,4,2,1,0,1,0,1,0,1,0,0,0,0,4,0,0
"173",173,1,0,0,0,0,0,0,0,1,0,0,"67010",1,19,1,1,0,0,0,88,88,0,0,0,0,0,1,0,1,1,0,0,1,0,0,0,0,0,0,0,0,1,1,1,0,1,0,0,1,1,0,1,0,0,1,1,0,1,0,2,2,1,0,0,0,11,11,11,11,6,2,99,0,1,0,0,1,1,0,0,0,0,0,7,0,0
"174",174,1,0,0,0,0,0,0,0,1,0,0,"50130",1,18,1,1,0,1,1,99,99,1,1,1,1,1,1,1,0,1,0,1,0,0,0,0,0,0,0,0,99,1,1,1,0,1,1,1,0,1,0,1,1,1,1,1,1,1,0,1,1,1,1,1,1,11,11,11,11,11,3,4,1,1,0,0,1,0,1,0,0,0,0,7,0,0
"175",175,1,0,1,0,0,0,0,0,1,0,0,"36526",3,1,1,1,0,0,0,88,88,88,0,0,0,0,0,0,0,1,0,1,1,0,0,0,1,0,0,0,0,0,1,1,0,1,1,1,1,0,0,0,0,0,1,0,0,1,0,2,2,0,0,0,0,6,1,6,1,1,1,4,0,0,1,0,1,0,0,0,0,0,0,4,1,1
"176",176,1,1,1,0,0,0,0,0,1,0,0,"38372",1,47,4,3,0,1,0,88,88,88,0,0,0,1,1,1,1,1,1,1,0,0,0,0,0,0,0,0,0,1,0,0,0,1,1,0,0,1,1,1,1,1,1,1,1,1,0,1,2,1,0,0,1,11,11,11,11,1,3,2,0,1,1,0,0,1,0,1,0,0,0,4,0,0
"177",177,1,0,0,0,0,0,0,0,1,0,0,"12828",88,35,3,1,0,0,0,88,88,88,0,0,0,1,1,0,1,1,0,1,1,0,0,0,0,0,0,0,0,1,1,1,0,1,1,0,1,1,1,1,1,1,1,1,1,1,0,2,2,1,0,0,0,8,6,6,6,1,3,3,1,1,1,1,1,1,1,0,0,0,0,2,88,88
"178",178,1,0,0,0,0,0,0,0,1,0,0,"17963",1,42,2,1,0,0,0,88,88,88,0,0,0,0,0,0,1,1,0,1,0,0,0,0,0,0,0,0,0,1,1,0,0,0,0,1,1,0,0,1,0,0,1,0,0,0,0,2,2,1,0,0,0,11,1,6,1,1,3,4,0,0,1,0,0,0,0,0,0,0,99,3,0,0
"179",179,1,0,0,0,0,0,0,0,1,0,0,"31750",1,12,4,1,0,0,0,0,0,0,0,0,0,0,1,0,1,1,0,0,0,0,0,0,0,0,0,1,0,1,1,1,0,1,0,0,0,0,0,1,1,1,0,0,0,1,0,2,2,1,0,0,0,11,11,11,11,1,1,2,1,1,1,1,1,1,1,0,0,0,0,4,0,0
"180",180,1,0,0,0,0,0,0,0,1,0,0,"76504",3,48,2,1,1,0,0,0,0,0,0,0,0,0,0,0,0,0,0,0,0,0,0,0,0,0,0,1,0,1,1,1,0,1,1,0,0,0,1,1,1,1,1,1,1,1,0,2,2,1,0,0,0,8,2,8,3,1,1,99,0,1,1,0,1,1,0,0,0,0,0,6,1,1
"181",181,1,0,0,0,0,0,0,0,1,0,0,"11518",1,35,1,1,0,0,0,88,88,88,0,0,0,1,1,0,1,1,0,1,1,0,0,0,0,0,0,0,0,1,1,1,0,1,1,1,0,0,0,1,1,1,1,1,1,1,0,2,2,1,0,0,0,11,11,11,11,11,2,2,1,1,1,0,1,0,1,0,0,0,0,2,0,0
"182",182,1,0,0,0,0,0,0,0,1,0,0,"49707",2,25,2,1,0,0,0,88,88,0,0,0,0,1,1,0,1,1,0,1,0,0,0,0,0,0,0,0,0,0,0,1,0,0,1,0,0,1,0,0,0,0,1,0,0,0,0,0,0,1,0,0,0,3,2,8,2,1,1,2,1,1,1,0,0,0,0,0,0,0,0,5,0,1
"183",183,1,0,0,0,0,0,0,0,1,0,0,"47932",1,17,1,1,0,0,0,88,88,1,0,0,0,0,0,0,1,1,0,1,1,0,0,0,0,0,0,1,0,1,1,1,0,1,1,0,1,1,0,1,0,0,1,1,1,1,0,2,2,1,1,1,0,11,11,11,11,10,3,3,0,1,1,0,0,0,0,0,1,0,0,5,0,0
"184",184,1,0,0,0,0,0,0,0,1,0,0,"01604",4,24,2,1,0,1,0,99,99,1,0,1,1,1,1,1,0,1,0,1,0,0,0,1,0,0,0,0,0,0,1,1,0,0,1,0,0,0,0,1,1,1,1,1,1,0,0,1,0,1,1,0,1,8,6,8,6,3,3,2,0,1,0,1,0,0,0,0,0,0,0,1,1,1
"185",185,1,0,0,0,0,0,0,0,1,0,0,"46996",1,17,1,1,0,1,0,99,99,99,0,0,0,0,0,0,0,0,0,1,0,0,0,1,0,0,0,0,0,1,1,1,0,1,1,0,1,0,0,1,1,0,1,0,0,1,0,1,2,1,0,0,0,6,4,11,4,99,3,3,0,1,0,0,1,0,0,0,0,0,0,5,0,0
"186",186,1,0,0,0,0,0,0,0,1,0,0,"07866",1,33,1,1,0,0,0,88,88,88,0,0,0,1,1,0,1,1,0,1,1,0,0,0,0,0,0,1,0,1,1,1,0,0,0,0,0,0,0,1,0,0,1,1,1,1,0,2,2,1,0,0,1,11,99,11,99,11,2,3,0,0,0,0,0,0,1,0,0,0,0,2,0,0
"187",187,1,0,0,0,0,0,0,0,1,0,0,"56726",1,26,1,1,0,0,0,88,88,88,0,0,0,0,0,0,0,1,0,0,1,0,0,0,0,0,0,1,0,1,1,1,0,1,1,0,1,1,0,1,1,0,1,1,1,1,0,2,2,1,0,1,0,11,99,99,99,99,1,99,0,1,1,0,0,1,0,0,0,0,0,5,0,0
"188",188,1,0,1,0,0,0,0,0,1,0,0,"61802",3,16,2,1,0,1,0,88,88,88,0,0,1,0,1,1,1,1,0,0,1,0,1,1,0,0,0,0,0,0,0,0,0,0,1,0,1,1,0,0,0,0,1,1,1,1,0,1,1,1,0,0,1,11,6,11,6,4,3,5,0,1,1,0,0,0,0,0,0,0,0,5,1,1
"189",189,1,0,1,0,0,0,0,0,1,0,0,"53934",1,55,2,2,0,0,0,0,0,0,0,0,0,1,0,0,0,0,0,1,0,0,1,0,0,0,0,0,0,0,1,1,0,0,0,1,1,1,0,0,0,0,0,0,0,0,0,2,2,1,0,0,0,11,4,10,4,7,3,2,0,0,1,1,0,0,0,0,0,0,0,5,0,0
"190",190,1,0,1,0,0,0,0,0,1,0,0,"45415",4,39,2,2,0,0,0,88,88,88,0,0,0,0,0,0,0,0,0,0,0,0,0,0,0,0,0,1,0,1,1,1,0,1,1,1,0,1,0,1,1,1,1,1,0,1,0,2,2,1,1,0,0,11,6,6,6,1,2,3,1,1,1,0,1,1,1,0,0,0,0,5,1,1
"191",191,1,1,1,0,0,0,0,1,0,0,0,"85705",5,4,5,1,0,0,0,88,88,88,0,0,0,0,1,1,1,0,0,1,1,0,0,0,0,0,0,1,0,1,0,1,0,1,1,1,0,1,0,1,1,0,1,1,1,1,0,0,0,1,0,0,0,5,2,3,2,1,2,4,1,1,1,1,0,1,1,0,0,0,0,9,1,1
"192",192,1,0,0,0,0,0,0,0,1,0,0,"64060",1,28,1,1,0,0,0,88,88,88,0,0,0,0,0,1,1,1,0,1,1,0,0,0,0,0,0,0,0,1,1,1,0,0,0,1,1,1,0,1,0,1,1,0,1,0,0,2,2,1,0,0,0,11,1,11,1,1,1,99,0,0,0,0,1,0,1,0,0,0,0,7,0,0
"193",193,1,0,1,0,0,0,0,0,1,0,0,"24540",3,51,4,1,0,99,0,99,99,99,0,0,0,1,1,1,1,0,0,1,1,0,1,0,0,1,0,0,0,1,1,1,0,1,0,1,0,0,0,1,0,0,0,1,1,1,0,2,99,1,0,0,0,6,4,6,4,4,2,3,1,1,1,0,1,1,1,0,0,0,0,3,1,1
"194",194,88,88,88,88,88,88,88,0,1,0,0,"04039",1,22,1,1,0,1,0,0,0,0,0,0,0,0,1,1,1,1,0,1,1,999,1,0,0,1,0,0,0,1,1,1,0,1,1,1,1,1,1,1,1,1,1,1,1,1,0,1,0,1,1,1,0,11,11,11,11,11,99,99,0,0,0,0,1,0,1,1,0,0,0,1,0,0
"195",195,1,0,0,0,0,0,0,0,1,0,0,"02038",3,24,1,1,0,0,0,88,88,88,0,0,0,0,0,0,0,0,0,0,0,0,0,0,0,0,0,1,0,1,1,1,0,1,1,1,0,0,0,1,1,0,1,1,0,0,0,2,2,1,0,0,0,11,11,6,6,1,1,1,0,1,0,0,0,0,0,0,0,0,0,1,1,1
"196",196,1,1,1,0,0,0,99,0,1,0,0,"35058",99,1,3,1,1,1,1,1,1,1,1,1,1,0,1,1,1,1,1,1,1,0,1,1,1,1,1,0,99,1,1,1,99,1,1,0,1,0,0,1,1,0,1,0,0,1,0,1,1,1,1,1,1,7,7,10,7,7,4,4,1,0,0,0,1,1,0,0,0,0,0,4,99,99
"197",197,1,0,0,0,0,0,0,0,1,0,0,"43844",1,39,2,1,0,1,99,99,99,99,0,0,0,0,0,0,0,1,0,1,1,0,0,0,0,0,0,0,0,1,0,0,0,0,1,0,1,0,0,1,0,0,1,0,0,0,0,2,2,1,0,0,0,11,99,11,99,99,2,99,0,1,0,0,0,0,1,0,0,0,0,5,0,0
"198",198,1,0,0,0,0,0,0,0,1,0,0,"56361",1,26,1,1,0,0,0,88,88,88,0,0,0,1,1,1,1,1,0,1,1,0,1,1,0,1,0,0,0,1,0,0,0,1,1,1,0,1,0,1,1,1,1,1,1,1,0,2,2,1,0,0,0,11,11,11,11,11,2,4,0,0,1,0,0,0,1,0,0,0,0,5,0,0
"199",199,1,0,0,0,0,0,0,0,1,0,0,"68410",1,30,1,1,0,0,0,88,88,88,0,0,0,0,1,0,1,0,0,1,0,0,0,0,0,0,0,0,0,1,1,1,0,1,1,0,1,1,0,1,1,1,1,1,1,1,0,2,2,1,0,0,0,5,3,7,2,1,2,3,0,1,1,1,1,1,0,0,0,0,0,7,0,0
"200",200,1,0,0,0,0,0,0,0,1,0,0,"48044",4,25,1,1,0,99,99,99,99,99,1,1,1,1,1,1,1,1,0,1,1,0,0,0,0,0,0,0,0,1,1,1,0,1,1,1,1,1,0,1,1,1,1,0,1,0,0,2,2,1,1,0,0,6,6,6,6,6,2,3,0,1,1,0,0,1,1,0,0,0,0,5,1,1
"201",201,1,0,0,0,0,0,0,0,1,0,0,"60450",2,16,3,1,0,0,0,88,88,88,0,0,0,0,0,0,1,0,0,1,0,0,0,0,0,0,0,1,0,1,1,1,0,0,0,0,1,0,0,0,0,0,0,0,0,0,0,2,2,0,0,0,0,10,6,10,6,1,1,3,1,1,1,0,0,1,1,0,0,0,0,5,0,1
"202",202,1,0,0,0,0,0,0,0,1,0,0,"48126",3,25,1,1,0,1,1,99,1,1,0,0,1,0,1,0,0,0,0,1,0,0,0,0,0,0,0,1,0,1,1,1,0,0,1,0,0,0,0,1,0,1,1,1,1,0,0,2,2,1,0,0,0,7,2,8,2,1,2,3,1,0,1,0,1,1,0,0,0,0,0,5,1,1
"203",203,1,0,0,0,0,0,0,0,1,0,0,"48647",1,25,1,1,0,0,0,88,88,88,0,0,0,0,0,0,0,0,0,1,0,0,0,0,0,0,0,1,0,1,1,1,0,1,0,1,0,1,0,1,1,1,1,1,1,1,0,2,2,1,0,0,1,11,4,99,99,99,2,4,1,1,1,0,1,1,0,0,0,0,0,5,0,0
"204",204,1,1,1,0,0,0,0,0,1,0,0,"88",2,45,88,1,0,1,1,1,1,1,1,0,0,1,1,1,1,1,1,1,0,0,1,0,0,0,0,0,0,1,1,1,0,0,0,1,1,0,0,0,1,0,1,1,0,1,0,1,1,1,0,1,1,5,2,11,2,3,2,5,0,1,1,0,0,1,0,0,0,0,0,4,0,1
"205",205,1,0,0,0,0,0,0,0,1,0,0,"06824",3,8,2,1,0,0,0,0,0,0,0,0,0,1,1,0,1,1,0,1,0,0,0,0,0,0,0,0,0,1,1,1,99,1,1,1,1,1,1,1,1,1,1,1,1,1,0,2,2,1,0,0,0,11,4,11,4,1,3,4,1,1,1,1,1,1,1,1,0,0,0,1,1,1
"206",206,1,0,0,0,0,0,0,0,1,0,0,"77833",2,48,2,1,0,0,0,88,88,88,0,0,0,1,1,1,1,1,0,1,1,0,0,0,1,0,0,0,0,1,1,0,0,1,1,0,0,0,1,1,0,0,1,0,0,1,0,2,2,1,0,0,0,11,99,11,99,11,3,3,1,1,1,0,1,1,0,0,0,0,0,6,0,1
"207",207,1,0,0,0,0,0,0,0,1,0,0,"43138",1,39,3,1,0,0,0,88,88,88,0,0,0,0,0,0,0,0,0,1,1,0,0,0,0,0,0,0,0,1,1,1,0,1,1,1,1,1,0,1,0,0,1,0,0,0,0,2,2,0,0,0,0,9,9,6,6,9,5,2,1,1,1,1,1,1,0,0,0,0,0,5,0,0
"208",208,1,0,0,0,0,0,0,0,1,0,0,"54935",3,55,1,1,0,0,0,0,0,0,0,0,0,0,1,1,1,0,0,1,1,0,0,0,0,0,0,1,0,1,1,1,0,1,1,1,0,0,0,0,1,0,1,0,0,1,0,0,0,1,0,0,1,11,3,10,2,1,2,2,0,1,1,0,1,0,0,0,0,0,0,5,1,1
"209",209,1,0,0,0,0,0,0,0,1,0,0,"23970",2,51,2,1,0,0,0,88,88,88,0,0,0,0,0,0,0,0,0,0,0,0,0,0,0,0,0,0,0,1,1,1,0,1,0,1,0,1,0,1,0,0,1,0,0,1,0,0,0,1,0,0,0,8,8,8,8,1,1,2,0,1,1,0,1,1,1,0,0,0,0,3,0,1
"210",210,1,0,0,0,0,0,0,0,1,0,0,"04530",3,22,2,1,0,0,0,88,88,88,0,0,0,0,0,0,0,0,0,0,0,0,0,0,0,0,0,0,0,1,1,1,0,1,1,1,0,1,0,1,1,1,1,1,1,1,0,2,2,1,1,0,0,6,6,6,6,1,1,1,0,1,1,0,1,1,1,0,0,0,0,1,1,1
"211",211,1,0,0,0,0,0,0,0,1,0,0,"24066",3,51,1,1,1,1,1,1,1,1,0,0,0,0,1,0,1,0,0,1,1,0,0,0,0,1,0,0,0,1,1,1,0,1,1,1,0,1,0,1,1,1,1,1,1,1,0,0,0,1,0,1,1,11,11,11,11,11,3,2,1,1,1,1,1,1,1,0,0,0,0,3,1,1
"212",212,1,0,0,0,0,0,0,0,1,0,0,"48210",5,25,1,2,0,0,0,88,88,99,0,0,0,1,1,1,1,1,0,1,1,0,1,1,1,1,0,0,0,0,1,0,0,1,1,1,0,0,0,1,0,0,1,0,0,0,0,2,2,1,1,1,0,11,11,11,11,99,3,2,1,1,1,1,1,1,1,0,0,0,0,5,1,1
"213",213,1,0,1,0,0,0,0,0,1,0,0,"99507",5,2,2,1,0,0,0,0,0,1,0,0,0,0,0,0,0,0,0,0,0,0,1,0,0,0,0,0,0,1,1,1,0,0,0,1,0,0,0,1,0,1,1,1,0,1,0,0,0,0,0,0,0,11,11,6,6,11,1,1,0,0,1,1,1,0,0,0,0,0,0,10,1,1
"214",214,1,0,0,0,0,0,0,0,1,0,0,"20012",5,10,4,1,1,0,0,88,88,88,0,0,0,1,1,0,1,0,0,1,0,0,0,0,0,0,0,1,0,1,1,1,0,0,0,0,0,0,0,0,0,0,0,0,0,0,0,2,2,1,0,0,0,8,6,9,9,2,3,4,0,0,0,0,0,0,1,0,0,0,0,3,1,1
"215",215,1,0,0,0,0,0,0,0,1,0,0,"44281",1,39,1,1,0,1,0,0,88,1,0,0,0,1,1,0,1,1,1,1,1,0,1,1,1,1,0,0,0,0,0,1,0,1,0,1,1,1,0,1,1,1,1,1,1,1,0,0,0,1,0,0,1,11,8,11,8,9,4,4,0,1,1,0,1,0,0,0,0,0,0,5,0,0
"216",216,1,0,1,0,0,0,0,0,1,0,0,"24592",2,51,3,3,0,1,1,1,1,1,1,1,1,1,1,1,1,1,0,1,1,0,1,1,1,1,0,0,0,1,0,1,0,1,1,1,0,1,0,0,0,0,0,0,0,0,0,1,1,1,1,1,99,7,5,6,6,99,4,3,1,0,0,1,0,0,0,0,0,0,0,3,0,1
"217",217,1,0,0,0,0,0,0,0,1,0,0,"15321",1,42,1,1,0,0,0,99,0,1,0,0,0,0,1,0,0,1,0,1,1,0,0,0,0,1,0,0,0,1,0,0,0,0,0,0,1,0,0,0,0,0,1,0,0,1,0,0,0,0,0,0,0,11,6,11,6,6,3,3,0,0,1,0,0,1,0,0,0,0,0,3,0,0
"218",218,1,0,1,0,0,0,0,0,1,0,0,"05001",3,50,2,1,0,0,0,88,88,88,0,0,0,0,1,0,1,1,0,1,1,0,0,0,0,0,0,0,0,1,1,1,0,0,0,0,0,0,0,0,0,0,1,1,0,1,0,2,2,1,0,0,0,11,11,9,9,1,3,4,0,0,0,0,0,0,1,0,0,0,0,1,1,1
"219",219,1,0,0,0,0,0,0,0,1,0,0,"16323",2,42,1,2,0,1,0,88,88,1,0,0,0,1,1,0,1,1,1,1,1,0,0,0,0,0,0,0,99,1,1,1,99,1,1,1,1,1,1,1,1,1,1,1,1,1,0,1,1,1,0,0,1,11,11,11,11,11,4,4,1,1,1,0,1,1,0,0,0,0,0,3,0,1
"220",220,1,0,0,0,0,0,0,0,1,0,0,"49036",1,25,1,1,0,0,0,88,88,88,0,0,0,0,1,1,1,0,0,0,0,0,0,0,0,0,0,1,0,1,1,1,0,0,0,1,1,1,0,0,1,0,1,0,1,1,0,0,0,1,0,0,0,6,3,6,3,1,1,2,0,1,1,1,0,1,0,0,0,0,0,5,0,0
"221",221,1,0,1,0,0,0,0,0,1,0,0,"66736",1,19,3,2,0,1,1,99,1,1,1,0,0,1,1,0,1,1,0,0,0,0,0,0,1,1,0,0,0,1,0,1,0,0,0,0,0,0,0,0,0,0,0,1,0,1,0,0,0,1,0,0,1,11,8,11,5,7,3,2,0,0,0,1,0,0,0,0,0,0,0,7,0,0
"222",222,1,0,1,0,0,1,0,0,1,0,0,"63080",5,28,5,2,0,1,1,1,1,1,1,1,1,1,1,1,1,1,1,1,1,0,1,1,1,1,1,0,0,1,1,1,0,1,1,0,0,0,0,1,0,0,1,1,1,1,0,1,1,1,0,1,1,3,3,2,2,3,4,4,1,1,0,0,1,1,1,0,0,0,0,7,1,1
"223",223,1,0,0,0,0,0,0,0,1,0,0,"60064",2,16,1,1,0,0,0,88,88,88,0,0,0,0,0,0,1,0,0,1,0,0,0,0,0,0,0,0,0,1,1,1,0,1,1,0,0,0,0,0,0,0,0,0,0,1,0,0,0,0,0,0,0,11,11,11,11,1,1,99,1,1,1,1,1,1,1,1,0,99,0,5,0,1
"224",224,1,0,1,0,0,0,0,0,1,0,0,"68822",1,30,1,1,0,0,0,88,88,88,0,0,0,0,0,0,1,1,0,1,1,0,0,0,0,0,0,0,0,1,1,1,0,1,1,0,0,1,0,1,0,0,1,1,1,0,0,2,2,1,0,0,0,9,6,9,6,6,1,3,1,1,1,0,1,1,0,0,0,0,0,7,0,0
"225",225,1,0,0,0,0,0,0,0,1,0,0,"54452",1,55,1,1,0,0,0,88,88,88,0,0,0,0,1,0,1,1,0,0,0,0,0,0,0,0,0,1,0,1,1,1,0,1,1,1,1,1,0,1,0,1,1,1,1,1,0,2,2,0,0,1,0,11,6,11,6,1,2,5,0,0,0,0,0,0,0,0,0,0,0,5,0,0
"226",226,1,0,0,0,0,0,0,0,1,0,0,"35077",1,1,2,1,0,0,0,88,88,88,0,0,0,0,1,0,1,1,0,1,1,0,0,0,0,0,0,1,0,1,1,1,0,1,1,0,1,1,0,1,1,0,1,1,1,1,0,0,0,1,0,1,0,11,6,11,6,1,99,3,0,1,0,0,1,1,0,0,0,0,0,4,0,0
"227",227,1,0,0,0,0,0,0,0,1,0,0,"40291",99,20,2,1,0,0,0,88,88,88,0,0,0,1,1,0,1,1,0,1,1,0,0,0,0,0,0,1,0,1,1,1,99,1,1,0,1,1,0,1,1,0,1,0,0,0,0,2,2,1,0,0,1,11,11,11,11,8,2,99,0,1,0,0,1,0,0,0,0,0,0,4,99,99
"228",228,1,0,0,0,0,0,0,0,1,0,0,"26070",2,54,1,1,0,1,0,88,88,1,1,0,0,1,1,1,1,0,1,1,0,0,0,0,0,0,0,1,0,0,1,1,0,0,0,1,0,0,0,0,0,0,0,0,0,1,0,1,2,1,0,0,1,10,8,11,11,4,3,4,0,1,1,0,1,1,0,0,0,0,0,3,0,1
"229",229,1,0,0,0,0,0,0,0,1,0,0,"68022",1,30,1,1,0,0,0,0,0,0,0,0,0,0,0,0,1,1,0,0,0,0,0,0,0,0,0,1,0,1,1,1,0,0,0,1,1,1,0,0,0,0,0,0,0,0,0,2,2,1,0,0,0,4,4,7,4,1,1,5,0,0,1,0,0,1,0,0,0,0,0,7,0,0
"230",230,1,0,1,0,0,0,0,0,1,0,0,"18810",1,42,2,3,0,1,99,1,99,1,0,0,0,0,1,1,1,1,0,1,1,0,0,0,0,0,1,0,0,0,0,1,0,0,0,0,1,0,0,1,0,0,1,0,0,1,0,1,1,1,0,0,1,11,11,11,11,99,4,3,0,1,0,0,0,1,0,0,0,0,0,3,0,0
"231",231,1,0,0,0,0,0,0,0,1,0,0,"17602",2,42,1,1,0,1,1,1,1,1,1,1,1,1,1,1,1,0,0,1,0,0,1,0,0,0,1,0,0,1,0,1,0,1,1,0,1,1,0,1,1,0,1,1,1,1,0,1,1,1,0,0,0,11,99,8,99,6,4,2,1,1,0,0,1,0,0,0,0,0,0,3,0,1
"232",232,1,1,0,0,0,0,0,0,1,0,0,"68713",1,30,1,1,0,1,1,99,99,1,1,1,1,1,1,1,1,1,1,1,1,0,1,1,1,1,1,0,0,0,1,0,0,0,1,1,1,1,1,1,0,1,1,1,1,1,0,1,1,1,0,1,1,10,11,11,6,11,4,4,1,1,0,0,0,0,0,0,0,0,0,7,0,0
"233",233,1,0,0,0,0,0,0,0,1,0,0,"44703",4,39,1,1,0,1,0,88,88,1,0,0,0,1,1,0,1,1,0,1,0,0,0,0,0,0,0,0,0,1,1,1,0,1,1,0,1,1,0,0,1,1,1,1,0,1,0,1,2,1,99,0,1,6,3,10,10,99,2,2,0,1,1,1,0,0,0,0,0,0,0,5,1,1
"234",234,1,0,1,0,0,0,0,0,1,0,0,"96097",2,6,2,1,0,1,1,1,99,1,1,1,0,1,1,0,0,0,0,1,0,0,1,1,1,0,0,0,0,1,1,1,0,0,1,0,1,1,0,1,1,1,1,0,0,0,0,0,0,1,0,1,1,11,11,11,11,6,4,4,0,1,1,1,1,1,0,0,0,0,0,9,0,1
"235",235,1,0,0,0,0,0,0,0,1,0,0,"13905",3,35,1,1,1,0,0,88,88,88,0,0,0,1,1,0,0,1,0,0,0,0,0,0,0,0,0,1,0,1,1,1,0,0,0,0,1,1,0,1,0,1,1,0,0,0,0,2,2,1,1,88,88,11,1,11,1,1,2,4,0,1,0,0,0,1,0,0,0,0,0,2,1,1
"236",236,1,0,0,0,0,0,0,0,1,0,0,"29401",4,45,4,2,0,0,0,0,0,0,0,0,0,0,1,1,1,0,0,0,0,0,1,1,1,0,0,0,0,1,1,1,0,1,1,1,1,1,0,1,1,1,1,1,0,1,0,0,0,1,0,1,0,11,10,11,10,99,3,5,1,1,1,1,1,1,1,0,0,0,0,4,1,1
"237",237,1,0,0,0,0,0,0,0,1,0,0,"82240",1,56,2,1,0,0,0,88,88,88,0,0,0,1,1,0,1,1,0,0,0,0,0,0,0,0,0,1,0,1,1,0,0,1,1,0,1,1,0,1,1,1,1,1,1,1,0,2,2,0,0,1,0,11,6,11,6,1,99,5,0,0,1,1,0,1,0,0,0,0,0,8,0,0
"238",238,1,0,0,0,0,0,0,0,1,0,0,"06705",4,8,1,2,0,0,0,88,88,88,0,0,0,1,1,0,1,1,0,1,0,999,0,0,0,0,0,0,0,0,1,1,0,1,1,1,1,0,0,1,1,1,1,1,1,1,0,2,2,1,0,0,1,10,10,10,10,1,2,4,1,1,1,1,1,1,0,0,0,0,0,1,1,1
"239",239,1,0,0,0,0,0,0,0,1,0,0,"11946",2,35,2,2,0,0,0,0,0,99,0,0,0,1,1,1,1,1,0,1,1,0,0,0,0,0,0,0,0,0,1,1,0,1,1,1,1,1,0,1,1,1,1,0,1,1,0,2,2,1,0,0,0,6,99,99,99,99,1,3,1,1,1,0,1,1,1,0,0,0,0,2,0,1
"240",240,1,0,0,0,0,0,0,0,1,0,0,"57058",1,46,1,1,0,0,0,88,88,88,0,0,0,1,1,0,1,1,0,1,0,0,1,0,0,1,0,0,0,1,1,1,0,1,1,1,1,1,0,1,1,1,1,0,1,0,0,2,2,1,0,0,1,11,11,11,11,11,2,4,0,1,0,0,0,1,0,0,0,0,0,8,0,0
"241",241,1,0,1,0,0,0,0,0,1,0,0,"06516",3,8,2,1,0,1,0,88,88,1,0,0,0,1,1,1,1,0,0,1,0,0,1,0,1,1,0,0,0,0,1,1,0,1,1,1,0,0,0,1,0,0,1,0,0,0,0,0,0,1,0,1,0,10,2,11,2,1,2,3,0,0,1,0,0,1,0,0,0,0,0,1,1,1
"242",242,1,0,0,0,0,0,0,0,1,0,0,"07470",2,33,2,1,0,0,0,88,88,88,0,0,0,0,0,0,0,0,0,1,0,0,0,0,0,0,0,0,0,1,1,1,0,0,0,1,0,0,0,0,0,0,0,0,0,1,99,2,2,1,0,1,0,6,3,99,99,99,2,4,0,0,1,1,0,1,1,0,0,0,0,2,0,1
"243",243,1,0,0,0,0,0,0,0,1,0,0,"47006",88,17,1,1,0,0,0,88,88,88,0,0,0,0,0,0,1,1,0,1,0,0,0,0,0,0,0,0,0,1,1,1,0,1,0,0,0,0,0,1,1,1,1,0,0,1,0,2,2,1,0,0,0,11,6,11,6,1,2,99,1,0,1,1,0,0,1,0,0,0,0,5,88,88
"244",244,1,0,0,0,0,0,0,0,1,0,0,"41230",2,20,3,1,1,1,1,1,1,1,1,1,1,1,1,1,1,0,0,1,0,0,1,1,1,0,0,0,0,1,1,1,0,1,1,0,0,0,0,0,1,0,0,0,0,1,0,1,1,1,0,1,1,10,88,10,3,6,3,2,1,1,0,0,1,0,1,0,0,0,0,4,0,1
"245",245,1,0,0,0,0,0,0,0,1,0,0,"49660",1,25,1,1,0,0,0,88,88,88,0,0,0,0,0,0,1,1,0,1,1,0,0,0,0,0,0,0,0,1,1,1,0,0,1,1,0,0,0,1,1,1,1,1,1,0,0,2,2,1,0,0,0,11,10,10,10,99,1,3,0,0,1,0,1,0,1,0,0,0,0,5,0,0
"246",246,1,0,0,0,0,0,0,0,1,0,0,"54162",1,55,1,1,0,0,0,88,88,88,0,0,0,1,0,0,0,1,0,1,0,0,0,0,0,0,0,0,0,1,1,1,0,0,1,1,1,1,0,1,0,0,1,0,1,0,0,2,2,1,0,0,0,11,99,11,99,1,3,4,0,0,1,0,0,0,0,0,0,0,0,5,0,0
"247",247,1,0,0,0,0,0,0,0,1,0,0,"95540",1,6,1,1,0,0,0,0,0,0,0,0,0,0,1,0,1,1,0,0,0,0,0,0,0,0,0,1,0,1,1,1,0,1,0,0,1,0,0,0,0,0,1,1,0,1,0,2,2,0,0,0,0,9,5,5,5,3,2,3,1,1,1,1,1,1,1,0,0,0,0,9,0,0
"248",248,1,0,0,0,0,0,0,0,1,0,0,"60642",1,16,1,1,0,1,0,88,88,1,0,0,0,1,1,0,1,1,0,1,1,0,0,0,0,0,0,0,0,1,1,1,0,1,1,1,1,1,1,1,1,1,1,1,1,1,0,1,1,1,0,0,0,11,99,11,11,1,4,5,1,1,1,1,1,0,1,0,0,0,0,5,0,0
"249",249,1,0,0,0,0,0,0,0,1,0,0,"48640",3,25,4,3,0,1,0,88,88,88,0,0,0,1,1,1,1,1,0,1,1,0,1,1,0,1,1,0,0,1,0,1,0,1,1,1,0,1,0,1,1,0,1,1,0,1,0,1,1,1,0,1,1,10,6,10,6,99,4,4,1,0,1,1,0,0,0,0,0,0,0,5,1,1
"250",250,1,0,0,0,0,0,0,0,1,0,0,"10461",2,35,1,1,0,0,0,88,88,88,0,0,0,1,1,1,1,0,0,1,0,0,0,0,0,0,0,1,0,1,0,1,0,0,0,1,0,0,0,0,0,0,0,0,0,0,0,2,2,1,0,0,0,11,11,11,11,1,2,5,0,0,1,0,0,1,0,0,0,0,0,2,0,1
"251",251,1,0,0,0,0,0,0,0,1,0,0,"44146",2,39,2,1,0,1,0,88,88,1,0,0,0,1,1,0,1,1,0,1,1,0,0,1,0,0,0,0,0,1,1,1,0,1,0,0,1,0,0,0,0,0,1,0,0,0,0,1,0,1,0,0,1,8,6,11,11,9,3,99,0,1,1,0,0,1,0,0,0,0,0,5,0,1
"252",252,1,0,1,0,0,0,0,0,1,0,0,"21108",88,23,1,1,0,0,0,88,88,88,0,0,0,0,1,0,1,1,0,1,1,0,0,0,0,0,0,1,0,1,1,1,0,1,0,1,0,0,0,0,0,0,1,0,0,0,0,2,2,1,0,0,0,11,6,11,6,1,1,2,0,1,1,0,0,1,0,0,0,0,0,3,88,88
"253",253,1,0,0,0,0,0,0,0,1,0,0,"48108",4,25,3,1,0,0,0,99,99,99,0,0,0,0,0,0,1,0,0,1,0,0,1,0,0,0,0,0,0,1,0,0,0,0,0,0,0,0,0,0,0,0,1,0,0,0,99,2,2,0,0,0,0,5,1,3,1,99,1,5,0,0,1,0,1,1,0,0,0,0,0,5,1,1
"254",254,1,0,0,0,0,0,0,0,1,0,0,"53095",2,55,1,1,0,0,0,88,88,88,0,0,0,0,1,0,1,0,0,1,0,0,0,0,0,0,0,1,0,1,1,1,0,1,1,1,0,0,0,1,0,0,1,1,0,1,0,2,2,1,0,0,0,8,4,8,8,1,1,99,1,1,1,1,1,1,1,1,0,0,0,5,0,1
"255",255,1,0,0,0,0,0,0,0,1,0,0,"14305",5,35,88,88,1,0,0,88,88,0,0,0,0,0,0,0,0,0,0,1,0,0,1,0,0,0,0,0,0,1,1,1,0,0,1,1,1,0,0,0,1,0,0,0,0,0,0,2,2,1,0,0,0,9,6,6,3,2,1,5,0,1,1,0,0,0,1,0,0,0,0,2,1,1
"256",256,1,0,1,0,1,0,0,0,1,0,0,"59725",1,29,1,99,0,1,0,88,88,1,0,0,0,1,1,1,1,1,1,1,1,0,0,1,1,0,0,0,0,1,1,0,0,0,1,1,1,1,0,1,1,1,1,0,1,0,0,1,1,1,1,1,1,11,11,11,11,11,4,4,1,1,0,0,1,1,1,0,0,0,0,8,0,0
"257",257,1,0,0,0,0,0,0,0,1,0,0,"48461",1,25,1,1,0,0,0,88,88,88,0,0,0,1,1,0,1,1,0,1,1,0,1,1,1,1,0,0,0,1,1,1,0,1,1,1,0,1,0,1,1,1,1,0,0,1,0,2,2,1,0,0,1,11,99,9,99,99,3,3,1,1,0,0,0,0,0,0,0,0,0,5,0,0
"258",258,1,0,0,0,0,0,0,0,1,0,0,"15120",2,42,2,1,0,0,0,88,88,88,0,0,0,0,0,0,0,1,0,0,1,0,0,0,0,0,0,1,0,1,1,1,0,1,1,1,0,0,0,1,1,0,0,0,0,0,0,0,0,1,0,0,0,11,2,11,1,11,3,99,0,1,1,1,1,1,0,0,0,0,0,3,0,1
"259",259,1,0,0,0,0,0,0,0,1,0,0,"49120",2,25,2,1,0,0,0,99,0,0,0,0,0,0,0,0,0,1,0,1,1,0,1,0,0,0,1,0,0,1,0,1,0,1,1,1,1,1,1,1,1,1,1,1,1,1,0,1,0,1,0,0,1,11,11,11,11,11,2,2,1,1,1,1,1,1,1,0,0,0,0,5,0,1
"260",260,1,0,0,0,0,0,0,0,1,0,0,"02453",3,24,2,3,0,0,0,0,0,1,0,0,1,1,1,0,1,1,0,1,1,0,0,0,0,0,0,1,0,1,0,1,0,1,1,1,0,0,0,1,1,1,1,0,1,1,0,2,2,1,0,0,1,11,11,11,11,99,4,4,0,0,1,0,1,0,0,0,0,0,0,1,1,1
"261",261,1,0,0,0,0,0,0,0,1,0,0,"19975",2,9,2,1,0,0,0,88,88,88,0,0,0,0,1,0,1,1,0,1,1,0,0,0,0,0,0,1,0,0,1,0,0,0,0,0,0,0,0,1,0,0,1,0,0,1,0,2,2,1,0,1,1,99,99,99,99,1,2,4,0,1,0,1,1,1,1,0,0,0,0,3,0,1
"262",262,1,0,0,0,0,0,0,0,1,0,0,"82443",1,56,1,1,0,1,1,1,0,1,0,0,0,1,1,0,1,1,0,1,1,0,1,1,1,1,0,0,0,1,1,0,0,0,1,0,1,1,0,1,0,0,1,0,0,0,0,99,99,1,1,1,1,4,4,4,4,4,3,4,0,0,1,0,0,0,0,0,0,0,0,8,0,0
"263",263,1,1,1,0,0,0,0,0,1,0,0,"96817",99,14,2,1,0,0,1,99,99,99,0,0,0,0,1,1,1,0,0,1,1,0,1,1,0,1,0,0,0,0,1,1,0,1,1,1,1,1,0,1,1,1,1,1,1,1,0,0,0,1,0,0,0,2,2,2,2,2,1,3,0,1,1,0,1,1,0,0,0,0,0,9,99,99
"264",264,1,0,0,0,0,0,0,0,1,0,0,"66012",1,19,1,1,0,1,1,1,99,1,1,1,0,0,0,0,1,1,0,1,1,0,1,0,1,0,0,0,0,1,1,1,0,1,1,1,1,0,0,1,1,0,1,0,0,1,0,1,1,1,0,0,1,6,6,6,6,6,3,4,1,1,0,0,1,1,1,0,0,0,0,7,0,0
"265",265,1,0,0,0,0,0,0,0,1,0,0,"60025",2,16,2,1,0,0,0,88,88,88,0,0,0,1,1,0,1,1,0,1,0,0,0,0,0,0,0,0,0,1,1,1,0,1,1,0,0,0,0,1,0,0,0,0,0,0,0,2,2,1,0,0,1,6,1,6,1,1,1,99,1,1,1,1,1,1,1,0,0,0,0,5,0,1
"266",266,1,0,0,0,0,0,0,0,1,0,0,"62249",1,16,1,2,0,0,0,88,88,1,0,0,0,0,0,0,0,0,0,1,1,0,1,0,0,0,0,0,0,1,0,1,0,0,0,0,1,0,0,0,0,0,1,0,0,1,0,0,0,1,0,1,0,11,4,11,4,99,3,4,1,0,0,1,0,1,0,0,0,0,0,5,0,0
"267",267,1,0,0,0,0,0,0,0,1,0,0,"15683",1,42,2,99,0,1,0,0,0,1,0,0,0,0,1,0,1,0,0,0,0,0,1,0,1,1,1,0,0,1,1,1,0,1,1,1,1,1,0,1,0,0,1,1,0,1,0,0,0,0,0,0,0,10,7,10,7,99,99,88,1,1,1,1,1,1,1,0,0,0,0,3,0,0
"268",268,1,0,1,0,0,0,0,0,1,1,0,"67401",3,19,4,1,0,99,99,99,99,99,0,0,0,1,1,0,1,0,0,1,0,0,1,0,0,0,0,0,99,1,1,1,99,0,0,0,0,0,0,0,0,0,0,0,0,0,0,0,0,1,0,0,0,4,4,7,7,2,2,3,1,1,1,0,0,1,1,0,0,0,0,7,1,1
"269",269,1,0,0,0,0,0,0,0,1,0,0,"48336",3,25,2,1,0,0,0,88,88,88,0,0,0,1,1,1,1,1,1,1,1,0,0,0,0,0,0,1,0,1,1,1,0,0,1,1,0,0,0,1,0,0,1,1,1,1,0,2,2,1,0,0,1,10,4,11,4,1,2,4,0,1,1,0,1,0,0,0,0,0,0,5,1,1
"270",270,1,0,0,0,0,0,0,0,1,0,0,"58368",1,37,1,1,0,0,0,88,88,0,0,0,0,0,1,0,1,1,0,0,0,0,0,0,0,0,0,1,0,0,0,1,0,1,1,0,0,1,0,0,0,0,1,0,1,0,0,2,2,1,0,1,0,11,99,11,99,99,3,5,1,1,1,0,1,1,0,0,0,0,0,8,0,0
"271",271,1,0,0,0,0,0,0,0,1,0,0,"47639",1,17,1,1,0,0,0,0,0,0,0,0,0,1,1,1,1,0,0,1,0,0,0,1,0,0,0,0,0,1,1,1,0,0,0,0,1,0,0,1,1,0,0,0,1,0,0,2,2,0,0,0,0,99,1,99,99,99,2,3,1,0,1,0,1,1,0,0,0,0,0,5,0,0
"272",272,1,0,0,0,0,0,0,0,1,0,0,"07751",3,33,2,1,0,0,0,88,88,88,0,0,1,1,1,1,1,1,1,1,0,0,0,0,0,0,0,1,0,1,1,1,0,0,0,0,0,0,0,0,0,0,0,0,0,0,0,2,2,1,0,0,0,11,99,11,99,1,1,99,1,1,1,0,1,1,1,0,0,0,0,2,1,1
"273",273,1,0,0,0,0,0,0,0,1,0,0,"61021",1,16,1,1,0,0,0,99,99,99,0,0,0,0,0,0,1,0,0,1,1,0,0,0,0,0,0,0,0,1,0,1,0,0,1,0,1,0,0,0,0,0,1,0,0,1,0,2,2,1,0,1,0,11,6,11,6,1,2,4,0,0,1,0,0,1,1,0,0,0,0,5,0,0
"274",274,1,0,0,0,0,0,0,0,1,0,0,"19128",5,42,88,1,0,0,0,88,88,0,0,0,0,1,1,1,1,1,0,0,0,0,0,0,0,0,0,1,0,1,0,0,0,1,1,1,0,0,0,0,1,0,0,0,0,1,0,0,0,1,1,0,0,9,6,9,6,99,3,3,1,1,0,1,0,0,0,0,0,0,0,3,1,1
"275",275,1,0,0,0,0,0,0,1,0,0,0,"77868",2,48,2,1,0,1,0,0,0,1,0,0,0,1,1,1,1,1,1,1,1,0,0,0,1,0,0,0,0,1,1,1,0,0,1,0,0,1,0,1,1,0,1,1,1,0,0,1,1,1,0,0,0,11,11,11,99,6,2,2,1,1,1,1,1,0,0,0,0,0,0,6,0,1
"276",276,1,0,0,0,1,0,0,0,1,0,0,"59254",1,29,1,1,0,1,1,1,99,1,0,0,0,1,1,0,0,1,0,1,1,0,1,0,1,0,0,0,0,1,1,1,0,0,1,0,1,1,0,1,0,0,1,1,1,1,0,0,1,1,0,1,0,11,11,11,11,11,3,3,0,0,0,0,1,1,1,0,0,0,0,8,0,0
"277",277,1,0,0,0,0,0,0,0,1,0,0,"66956",1,19,3,1,0,0,0,0,0,0,0,0,0,0,0,0,0,0,0,0,0,0,0,0,0,0,0,1,0,1,1,1,0,0,1,0,0,0,0,0,0,0,0,0,0,0,0,0,0,1,0,1,0,4,2,2,1,1,1,4,0,0,0,0,0,0,1,0,0,0,0,7,0,0
"278",278,1,0,0,0,0,0,0,0,1,0,0,"59715",3,29,1,1,0,0,0,88,88,88,0,0,0,1,1,0,1,0,0,1,0,0,0,0,0,0,0,0,0,1,1,1,0,1,0,0,1,1,0,1,0,0,1,1,1,1,0,2,2,1,0,0,1,11,99,9,99,1,2,99,0,1,1,0,1,1,1,0,0,0,0,8,1,1
"279",279,1,0,0,0,0,0,0,0,1,0,0,"43935",1,39,2,1,0,0,88,88,88,88,0,0,0,0,1,1,1,1,1,1,0,0,0,0,0,0,0,1,0,1,1,1,0,0,0,0,1,0,0,1,0,0,1,0,0,0,0,2,2,1,1,0,0,11,11,11,11,11,99,3,0,1,1,0,0,0,0,0,0,0,0,5,0,0
"280",280,1,0,0,0,0,0,0,0,1,0,0,"33487",4,11,1,2,0,1,0,99,99,1,0,0,0,1,1,0,1,1,0,0,1,0,0,0,0,0,0,1,0,1,1,0,0,1,0,1,0,1,0,0,0,0,1,0,0,1,0,0,0,1,0,0,0,6,1,11,1,6,3,2,0,1,1,1,0,1,0,0,0,0,0,4,1,1
"281",281,1,0,0,0,0,0,0,0,1,0,0,"77868",1,48,1,1,0,0,0,88,88,88,0,0,0,0,1,1,1,1,0,1,1,0,0,0,1,1,1,0,0,1,1,1,0,1,1,0,0,1,1,1,0,1,1,0,1,0,0,2,2,1,0,0,0,6,6,6,1,6,2,4,0,1,1,0,0,1,0,0,0,0,0,6,0,0
"282",282,1,0,0,0,0,0,0,0,1,0,0,"14610",4,35,1,1,0,1,0,88,88,1,0,0,1,0,1,0,1,0,0,1,0,999,1,1,1,0,0,0,0,1,1,1,0,0,1,1,0,1,0,1,1,1,1,0,0,1,0,2,2,1,1,0,1,5,3,8,3,11,2,3,1,1,1,0,1,1,0,0,0,0,0,2,1,1
"283",283,1,0,0,0,0,0,0,0,1,0,0,"88",1,39,1,1,0,0,0,88,88,1,0,0,0,0,1,0,1,0,0,1,0,0,0,0,0,1,0,0,0,1,1,1,0,1,1,0,1,1,0,1,1,1,1,1,1,1,0,2,2,1,99,0,0,2,2,2,2,1,99,3,0,1,0,0,1,0,0,0,0,0,0,5,0,0
"284",284,1,0,0,0,0,0,0,0,1,0,0,"60004",3,16,4,1,0,1,0,88,88,0,0,0,0,0,1,0,0,1,0,0,0,0,0,0,0,0,0,1,0,1,1,1,0,1,0,1,0,0,0,0,0,0,0,0,0,1,0,1,0,1,0,0,0,4,2,11,11,1,2,2,0,1,1,0,1,1,0,0,0,0,0,5,1,1
"285",285,1,0,0,0,0,0,0,0,1,0,0,"49953",1,25,1,1,0,0,0,88,88,88,0,0,0,0,0,0,1,1,0,1,0,0,0,0,0,0,0,1,0,1,1,1,0,0,1,1,1,1,0,1,0,1,1,0,0,1,0,2,2,1,0,0,0,11,6,6,6,1,1,99,0,1,1,0,0,0,0,0,0,0,0,5,0,0
"286",286,1,0,0,0,0,0,0,0,1,0,0,"53925",1,55,1,1,0,0,0,88,88,88,0,0,0,0,0,0,0,0,0,0,0,0,0,0,0,0,0,0,0,1,1,1,0,1,1,1,0,1,0,1,1,1,1,1,1,1,0,2,2,0,0,0,0,1,1,1,1,1,1,2,0,0,0,0,0,0,0,0,0,0,0,5,0,0
"287",287,1,0,1,0,0,0,0,0,1,0,0,"81101",2,7,1,1,0,0,0,0,0,0,0,0,0,1,1,0,1,1,0,1,1,0,1,0,0,0,0,0,0,1,1,1,0,0,0,0,1,0,0,0,1,0,0,0,0,0,0,0,0,1,0,1,0,99,99,99,99,99,2,3,1,1,1,0,0,1,1,0,0,0,0,8,0,1
"288",288,1,1,1,0,0,0,0,0,1,0,0,"30519",4,12,2,1,0,1,0,88,88,1,0,0,0,1,1,0,1,1,0,1,1,0,1,0,0,0,0,0,0,1,1,1,0,0,1,1,0,0,0,0,0,0,1,0,1,1,0,1,1,1,0,1,0,11,11,11,11,6,4,4,1,1,0,1,1,0,1,0,0,0,0,4,1,1
"289",289,1,0,1,0,0,0,0,0,1,0,0,"55021",2,26,2,1,0,1,1,99,99,1,1,1,1,1,1,1,1,1,1,1,1,0,1,1,1,1,1,0,0,1,1,1,0,1,1,1,1,1,1,1,1,1,1,1,1,1,0,1,1,1,0,1,1,9,9,9,3,9,4,4,1,1,0,0,0,0,0,0,0,0,0,5,0,1
"290",290,1,0,0,0,0,0,0,0,1,0,0,"52632",1,18,2,1,0,1,1,99,99,1,0,0,0,1,1,0,1,0,0,1,1,0,0,0,1,0,1,0,0,1,1,1,0,1,1,1,0,1,0,1,0,0,1,1,0,1,0,0,0,1,0,1,88,11,6,11,6,99,3,3,0,1,1,1,1,1,0,0,0,0,0,7,0,0
"291",291,1,0,0,0,1,0,0,0,1,0,0,"57350",2,46,1,1,0,1,1,99,99,1,1,0,0,1,1,0,0,1,0,1,1,0,1,1,1,1,1,0,0,1,1,1,0,1,1,0,1,1,0,1,1,1,1,1,1,1,0,1,0,1,1,1,1,10,10,11,11,11,4,4,0,1,1,1,0,0,0,0,0,0,0,8,0,1
"292",292,1,0,0,0,0,0,0,0,1,0,0,"03452",1,32,1,1,0,1,1,1,1,1,1,1,1,1,1,1,1,1,1,1,1,0,1,0,0,0,0,0,99,0,1,0,0,0,0,1,0,0,0,0,0,0,0,0,0,0,0,1,1,1,1,1,1,11,9,11,9,9,4,2,1,0,0,0,0,0,0,0,0,0,0,1,0,0
"293",293,88,88,88,88,88,88,88,88,88,88,88,"88",88,28,88,88,88,88,88,88,88,88,0,0,0,0,0,0,0,0,0,0,0,0,0,0,0,0,0,0,0,0,0,0,0,0,0,0,0,0,0,0,0,0,0,0,0,0,0,0,0,0,0,88,88,88,88,88,88,88,88,88,1,0,0,0,0,0,0,0,0,0,0,7,88,88
"294",294,1,0,0,0,0,0,0,0,1,0,0,"16323",3,42,2,3,0,0,0,88,88,88,0,0,1,0,0,1,1,1,0,0,1,0,0,0,0,0,0,1,0,1,1,1,0,1,1,0,1,1,0,1,1,1,1,1,1,1,0,0,0,1,0,0,1,9,6,6,6,1,3,2,1,1,1,1,1,1,1,0,0,0,0,3,1,1
